Position;Model Name;Number of Seats;Range;Efficiency;Weight;Acceleration 0-100;1-Stop Range;Battery Capacity;Fastcharge Speed;Towing Capacity;Cargo Volume;Price in UK;Image URL;Launch Date;Discontinuation Date;Is Available
1;Tesla Model 3;5;420;137;1.836;6.1;500;57.5;108;1.000;682;39.990;https://ev-database.org/img/auto/Tesla_Model_3_2024/Tesla_Model_3_2024-01-thumb.jpg;1/9/23;;TRUE
2;Kia EV3 Long Range;5;455;171;1.885;7.7;472;78.0;105;1.000;485;35.995;https://ev-database.org/img/auto/Kia_EV3_2025/Kia_EV3_2025-01-thumb.jpg;1/7/24;;TRUE
3;BYD ATTO 3;5;330;183;1.825;7.3;325;60.5;71;0;440;37.195;https://ev-database.org/img/auto/BYD_ATTO_3/BYD_ATTO_3-01-thumb.jpg;1/8/22;;TRUE
4;Tesla Model Y RWD;5;350;164;2.003;5.9;434;57.5;140;1.600;971;44.990;https://ev-database.org/img/auto/Tesla_Model_Y_2025/Tesla_Model_Y_2025-01-thumb.jpg;1/2/25;;TRUE
5;Tesla Model Y;5;350;164;1.984;6.9;407;57.5;108;1.600;971;44.990;https://ev-database.org/img/auto/Tesla_Model_Y/Tesla_Model_Y-01-thumb.jpg;1/11/22;1/1/25;FALSE
6;Tesla Model Y Long Range Dual Motor;7;445;169;2.054;5.0;524;75.0;124;1.600;971;51.990;https://ev-database.org/img/auto/Tesla_Model_Y/Tesla_Model_Y-01-thumb.jpg;1/2/22;1/2/25;FALSE
7;Tesla Model 3 Long Range Dual Motor;5;525;143;1.899;4.4;629;75.0;124;1.000;682;49.990;https://ev-database.org/img/auto/Tesla_Model_3_2024/Tesla_Model_3_2024-01-thumb.jpg;1/9/23;;TRUE
8;Tesla Model 3 Long Range RWD;5;545;138;1.825;5.2;653;75.0;124;1.000;682;44.990;https://ev-database.org/img/auto/Tesla_Model_3_2024/Tesla_Model_3_2024-01-thumb.jpg;1/10/24;;TRUE
9;MG MG4 Electric 64h;5;360;171;1.726;7.9;405;61.7;115;500;363;29.495;https://ev-database.org/img/auto/MG_MG4_Electric_2022/MG_MG4_Electric_2022-01-thumb.jpg;1/10/22;;TRUE
10;Tesla Model 3 Long Range Dual Motor;5;455;162;1.931;4.6;560;73.5;163;1.000;542;46.990;https://ev-database.org/img/auto/Tesla_Model_3/Tesla_Model_3-01-thumb.jpg;1/2/19;1/10/20;FALSE
11;BMW iX xDrive40;5;360;197;2.440;6.1;388;71.0;102;2.500;500;69.905;https://ev-database.org/img/auto/BMW_iX_2022/BMW_iX_2022-01-thumb.jpg;1/10/21;1/1/25;FALSE
12;BYD DOLPHIN 60.4h;5;350;173;1.733;7.0;338;60.5;65;0;345;30.195;https://ev-database.org/img/auto/BYD_DOLPHIN/BYD_DOLPHIN-01-thumb.jpg;1/7/23;;TRUE
13;Tesla Model 3;5;405;142;1.835;6.1;471;57.5;100;1.000;649;42.990;https://ev-database.org/img/auto/Tesla_Model_3_2021/Tesla_Model_3_2021-01-thumb.jpg;1/12/21;1/10/23;FALSE
14;Tesla Model Y Long Range RWD;5;460;163;1.973;5.6;540;75.0;124;1.600;971;48.990;https://ev-database.org/img/auto/Tesla_Model_Y_2025/Tesla_Model_Y_2025-01-thumb.jpg;1/2/25;;TRUE
15;BMW i4 eDrive40;5;515;157;2.125;5.7;584;80.7;131;1.600;470;57.890;https://ev-database.org/img/auto/BMW_i4_eDrive40/BMW_i4_eDrive40-01-thumb.jpg;1/11/21;1/5/24;FALSE
16;Skoda Elroq 85;5;450;171;2.119;6.6;493;77.0;120;1.000;470;38.650;https://ev-database.org/img/auto/Skoda_Elroq_2024/Skoda_Elroq_2024-01-thumb.jpg;1/10/24;;TRUE
17;Renault 5 E-Tech 52kWh 150hp;5;320;163;1.524;8.0;335;52.0;70;500;326;26.995;https://ev-database.org/img/auto/Renault_5_ETech/Renault_5_ETech-01-thumb.jpg;1/6/24;;TRUE
18;Volkswagen ID.4 Pro;5;445;173;2.156;6.7;490;77.0;120;1.000;543;46.035;https://ev-database.org/img/auto/Volkswagen_ID4_2024/Volkswagen_ID4_2024-01-thumb.jpg;1/10/23;;TRUE
19;Fiat 500e Hatchback 42h;4;235;159;1.365;9.0;261;37.3;67;0;185;27.995;https://ev-database.org/img/auto/Fiat_500e_Hatchback_2020/Fiat_500e_Hatchback_2020-01-thumb.jpg;1/11/20;;TRUE
20;Tesla Model 3 Standard Range Plus;5;320;153;1.684;5.6;389;49.0;105;1.000;542;40.490;https://ev-database.org/img/auto/Tesla_Model_3/Tesla_Model_3-01-thumb.jpg;1/4/19;1/10/20;FALSE
21;BYD SEAL 82.5h AWD Excellence;5;445;185;2.260;3.8;472;82.5;100;1.500;453;48.695;https://ev-database.org/img/auto/BYD_SEAL/BYD_SEAL-01-thumb.jpg;1/9/23;;TRUE
22;BMW i3 120 Ah;4;235;161;1.345;7.3;222;37.9;47;0;260;33.805;https://ev-database.org/img/auto/BMW_i3_2019/BMW_i3_2019-01-thumb.jpg;1/10/18;1/7/22;FALSE
23;Tesla Model Y Performance;5;430;174;2.072;3.8;506;75.0;124;1.600;971;59.990;https://ev-database.org/img/auto/Tesla_Model_Y/Tesla_Model_Y-01-thumb.jpg;1/3/22;1/2/25;FALSE
24;Volkswagen e-Golf;5;190;168;1.615;9.6;178;32.0;39;0;341;28.075;https://ev-database.org/img/auto/Volkswagen_e-Golf-2017/Volkswagen_e-Golf-2017-01-thumb.jpg;1/5/17;1/3/21;FALSE
25;BMW iX1 xDrive30;5;380;170;2.085;5.6;407;64.7;93;1.200;490;47.465;https://ev-database.org/img/auto/BMW_iX1_2022/BMW_iX1_2022-01-thumb.jpg;1/11/22;;TRUE
26;Tesla Model 3 Standard Range Plus;5;350;146;1.700;5.6;421;51.0;105;1.000;649;40.990;https://ev-database.org/img/auto/Tesla_Model_3_2021/Tesla_Model_3_2021-01-thumb.jpg;1/2/21;1/12/21;FALSE
27;BYD SEALION 7 91.3h AWD Excellence;5;435;210;2.410;4.5;497;91.3;165;1.500;578;58.990;https://ev-database.org/img/auto/BYD_SEALION_7/BYD_SEALION_7-01-thumb.jpg;1/12/24;;TRUE
28;Audi e-tron 55 quattro;5;365;237;2.565;5.7;384;86.5;146;1.800;660;72.935;https://ev-database.org/img/auto/Audi_e-tron/Audi_e-tron-01-thumb.jpg;1/12/20;1/11/22;FALSE
29;Tesla Model Y Long Range AWD;5;450;167;2.072;4.8;531;75.0;124;1.600;971;51.990;https://ev-database.org/img/auto/Tesla_Model_Y_2025/Tesla_Model_Y_2025-01-thumb.jpg;1/2/25;;TRUE
30;CUPRA Born 150 - 58h;5;350;166;1.811;7.3;375;58.0;82;0;385;34.125;https://ev-database.org/img/auto/Cupra_el-Born/Cupra_el-Born-01-thumb.jpg;1/10/21;1/7/24;FALSE
31;Renault Scenic E-Tech EV87 220hp;5;480;181;1.917;7.9;481;87.0;95;1.100;545;40.995;https://ev-database.org/img/auto/Renault_Scenic_ETech/Renault_Scenic_ETech-01-thumb.jpg;1/12/23;;TRUE
32;BYD HAN;5;475;180;2.325;3.9;473;85.4;85;0;410;N/A;https://ev-database.org/img/auto/BYD_HAN/BYD_HAN-01-thumb.jpg;1/3/23;;TRUE
33;Kia Niro EV;5;385;168;1.757;7.8;365;64.8;70;750;495;37.295;https://ev-database.org/img/auto/Kia-NiroEV-2022/Kia-NiroEV-2022-01-thumb.jpg;1/6/22;;TRUE
34;Hyundai Kona Electric 65h;5;390;168;1.773;7.8;391;65.4;86;750;493;38.595;https://ev-database.org/img/auto/Hyundai_Kona_Electric_2024/Hyundai_Kona_Electric_2024-01-thumb.jpg;1/7/23;;TRUE
35;Mercedes-Benz EQS 450+;5;690;171;2.515;6.2;733;118.0;160;750;620;112.610;https://ev-database.org/img/auto/Mercedes_EQS_2024/Mercedes_EQS_2024-01-thumb.jpg;1/4/24;;TRUE
36;Volvo EX30 Single Motor ER;5;360;178;1.850;5.3;405;64.0;114;1.600;325;37.050;https://ev-database.org/img/auto/Volvo_EX30_2024/Volvo_EX30_2024-01-thumb.jpg;1/6/23;;TRUE
37;Tesla Model S Dual Motor;5;575;165;2.170;3.2;653;95.0;140;1.600;798;* 85.000;https://ev-database.org/img/auto/Tesla_Model_S_2021/Tesla_Model_S_2021-01-thumb.jpg;1/1/23;;TRUE
38;Kia EV3 Standard Range;5;325;169;1.800;7.5;341;55.0;80;300;485;32.995;https://ev-database.org/img/auto/Kia_EV3_2025/Kia_EV3_2025-01-thumb.jpg;1/7/24;;TRUE
39;Tesla Model Y Long Range RWD;5;455;165;1.959;5.9;535;75.0;124;1.600;971;46.990;https://ev-database.org/img/auto/Tesla_Model_Y/Tesla_Model_Y-01-thumb.jpg;1/2/24;1/2/25;FALSE
40;Hyundai INSTER Long Range;4;295;156;1.418;10.6;311;46.0;70;unknown;280;25.045;https://ev-database.org/img/auto/Hyundai_Inster_2025/Hyundai_Inster_2025-01-thumb.jpg;1/10/24;;TRUE
41;Leapmotor T03;4;230;157;1.175;12.7;215;36.0;30;unknown;210;15.995;https://ev-database.org/img/auto/Leapmotor_T03/Leapmotor_T03-01-thumb.jpg;1/10/24;;TRUE
42;Hyundai IONIQ 5 84h RWD;5;450;178;2.060;7.5;560;80.0;205;1.600;577;43.400;https://ev-database.org/img/auto/Hyundai_IONIQ5_2024/Hyundai_IONIQ5_2024-01-thumb.jpg;1/7/24;;TRUE
43;Renault Megane E-Tech EV60 220hp;5;380;158;1.711;7.4;410;60.0;87;900;440;36.995;https://ev-database.org/img/auto/Renault_Megane_ETech/Renault_Megane_ETech-01-thumb.jpg;1/4/22;;TRUE
44;Zeekr 7X Long Range RWD;5;510;184;2.000;6.0;645;94.0;260;2.000;605;N/A;https://ev-database.org/img/auto/Zeekr_7X_2024/Zeekr_7X_2024-01-thumb.jpg;;;
45;Mercedes-Benz EQB 250+;7;415;170;2.105;8.9;414;70.5;90;1.400;495;52.800;https://ev-database.org/img/auto/Mercedes_EQB_2024/Mercedes_EQB_2024-01-thumb.jpg;1/10/23;;TRUE
46;Tesla Model 3 Long Range Dual Motor;5;485;155;1.919;4.4;577;75.0;124;1.000;649;50.990;https://ev-database.org/img/auto/Tesla_Model_3_2021/Tesla_Model_3_2021-01-thumb.jpg;1/11/21;1/10/23;FALSE
47;Mercedes-Benz EQC 400 4MATIC;5;370;216;2.495;5.1;366;80.0;100;1.800;500;74.330;https://ev-database.org/img/auto/Mercedes_EQC/Mercedes_EQC-01-thumb.jpg;1/11/20;1/7/23;FALSE
48;Tesla Model S Plaid;5;560;170;2.265;2.3;636;95.0;140;1.600;798;* 100.000;https://ev-database.org/img/auto/Tesla_Model_S_2021/Tesla_Model_S_2021-01-thumb.jpg;1/11/22;;TRUE
49;Volkswagen ID.7 Pro;5;475;162;2.172;6.5;541;77.0;125;1.000;532;51.550;https://ev-database.org/img/auto/Volkswagen_ID7/Volkswagen_ID7-01-thumb.jpg;1/8/23;;TRUE
50;Toyota bZ4X FWD;5;350;183;1.970;7.5;384;64.0;100;750;452;42.860;https://ev-database.org/img/auto/Toyota_bZ4X/Toyota_bZ4X-01-thumb.jpg;1/6/22;;TRUE
51;Fiat Grande Panda;5;260;168;1.511;11.0;270;43.8;60;550;361;20.975;https://ev-database.org/img/auto/Fiat_Grande_Panda_2024/Fiat_Grande_Panda_2024-01-thumb.jpg;1/10/24;;TRUE
52;Tesla Model 3 Performance;5;490;153;1.929;3.2;585;75.0;124;0;682;59.990;https://ev-database.org/img/auto/Tesla_Model_3_Performance_2024/Tesla_Model_3_Performance_2024-01-thumb.jpg;1/4/24;;TRUE
53;Citroen e-C3;5;260;169;1.491;11.5;272;44.0;60;550;310;21.990;https://ev-database.org/img/auto/Citroen_e-C3/Citroen_e-C3-01-thumb.jpg;1/2/24;;TRUE
54;Volkswagen ID.7 Pro S;5;525;164;2.230;6.6;600;86.0;145;1.000;532;55.450;https://ev-database.org/img/auto/Volkswagen_ID7/Volkswagen_ID7-01-thumb.jpg;1/6/24;;TRUE
55;Hyundai IONIQ Electric;5;250;153;1.602;9.7;230;38.3;36;0;357;32.050;https://ev-database.org/img/auto/Hyundai_IONIQ_Electric_2020/Hyundai_IONIQ_Electric_2020-01-thumb.jpg;1/10/19;1/7/22;FALSE
56;Nissan Leaf;5;235;166;1.580;7.9;218;39.0;40;0;435;28.290;https://ev-database.org/img/auto/Nissan_Leaf_2018/Nissan_Leaf_2018-01-thumb.jpg;1/2/18;1/4/22;FALSE
57;Hyundai Kona Electric 64h;5;390;164;1.760;7.9;363;64.0;64;300;332;37.750;https://ev-database.org/img/auto/Hyundai_Kona_Electric_2021/Hyundai_Kona_Electric_2021-01-thumb.jpg;1/6/21;1/12/23;FALSE
58;Skoda Enyaq 85;5;460;167;2.141;6.7;482;77.0;120;1.000;585;44.300;https://ev-database.org/img/auto/Skoda_Enyaq_2025/Skoda_Enyaq_2025-01-thumb.jpg;1/1/25;;TRUE
59;Kia EV6 Long Range 2WD;5;410;180;1.985;7.3;514;74.0;200;1.600;532;45.245;https://ev-database.org/img/auto/Kia_EV6_2021/Kia_EV6_2021-01-thumb.jpg;1/10/21;1/11/24;FALSE
60;BMW iX3;5;385;192;2.255;6.8;411;74.0;104;750;510;64.165;https://ev-database.org/img/auto/BMW_iX3_2022/BMW_iX3_2022-01-thumb.jpg;1/9/21;1/10/24;FALSE
61;Tesla Model Y Long Range AWD Launch Series;5;450;167;2.072;4.3;531;75.0;124;1.600;971;60.990;https://ev-database.org/img/auto/Tesla_Model_Y_2025/Tesla_Model_Y_2025-01-thumb.jpg;1/1/25;;TRUE
62;Mercedes-Benz G 580;5;360;322;3.085;4.7;359;116.0;150;0;555;180.860;https://ev-database.org/img/auto/Mercedes_G-Class/Mercedes_G-Class-01-thumb.jpg;1/4/24;;TRUE
63;Renault Zoe ZE50 R110;5;315;165;1.577;11.4;274;52.0;41;0;338;29.095;https://ev-database.org/img/auto/Renault_Zoe_2020/Renault_Zoe_2020-01-thumb.jpg;1/11/19;1/5/24;FALSE
64;Tesla Model 3 Long Range Dual Motor;5;465;155;1.919;4.4;534;72.0;108;1.000;649;49.990;https://ev-database.org/img/auto/Tesla_Model_3_2021/Tesla_Model_3_2021-01-thumb.jpg;1/11/20;1/2/22;FALSE
65;XPENG G6 RWD Long Range;5;480;182;2.100;6.7;574;87.5;180;unknown;571;44.990;https://ev-database.org/img/auto/XPENG_G6/XPENG_G6-01-thumb.jpg;1/5/24;;TRUE
66;Mini Countryman E;5;380;170;1.940;8.6;405;64.6;93;750;460;42.080;https://ev-database.org/img/auto/Mini_Countryman_2024/Mini_Countryman_2024-01-thumb.jpg;1/2/24;;TRUE
67;CUPRA Born 170 - 77h;4;450;171;1.950;7.0;488;77.0;115;0;385;39.625;https://ev-database.org/img/auto/Cupra_el-Born/Cupra_el-Born-01-thumb.jpg;1/3/22;1/7/24;FALSE
68;Hyundai IONIQ 6 Long Range 2WD;5;495;149;1.985;7.4;637;74.0;200;1.500;446;47.040;https://ev-database.org/img/auto/Hyundai_IONIQ6_2022/Hyundai_IONIQ6_2022-01-thumb.jpg;1/12/22;;TRUE
69;Mini Cooper SE;4;180;161;1.440;7.3;183;28.9;44;0;211;32.550;https://ev-database.org/img/auto/Mini_Electric_2021/Mini_Electric_2021-01-thumb.jpg;1/3/21;1/2/24;FALSE
70;Audi Q4 e-tron 40;5;405;189;2.125;8.5;430;76.6;125;1.000;520;50.630;https://ev-database.org/img/auto/Audi_Q4_e-tron_2021/Audi_Q4_e-tron_2021-01-thumb.jpg;1/6/21;1/1/24;FALSE
71;Audi e-tron 50 quattro;5;280;231;2.445;6.8;299;64.7;114;1.800;660;60.600;https://ev-database.org/img/auto/Audi_e-tron-50-quattro/Audi_e-tron-50-quattro-01-thumb.jpg;1/11/19;1/3/22;FALSE
72;MG ZS EV Long Range;5;370;185;1.695;8.4;352;68.3;82;500;448;32.995;https://ev-database.org/img/auto/MG_ZS_EV_2022/MG_ZS_EV_2022-01-thumb.jpg;1/11/21;;TRUE
73;BYD TANG Flagship;7;460;237;2.705;4.9;444;108.8;100;1.500;235;N/A;https://ev-database.org/img/auto/BYD_TANG_2024/BYD_TANG_2024-01-thumb.jpg;1/11/24;;TRUE
74;BYD TANG;7;355;243;2.705;4.6;342;86.4;109;1.500;235;N/A;https://ev-database.org/img/auto/BYD_TANG/BYD_TANG-01-thumb.jpg;1/8/22;1/11/24;FALSE
75;Audi A6 Sportback e-tron performance;5;600;158;2.250;5.4;730;94.9;200;2.100;529;69.900;https://ev-database.org/img/auto/Audi_A6_Sportback_etron_2024/Audi_A6_Sportback_etron_2024-01-thumb.jpg;1/9/24;;TRUE
76;BMW i4 eDrive40;5;515;158;2.125;5.6;589;81.3;131;1.600;470;59.365;https://ev-database.org/img/auto/BMW_i4_2024/BMW_i4_2024-01-thumb.jpg;1/6/24;;TRUE
77;BMW iX1 eDrive20;5;390;166;1.940;8.3;418;64.7;93;750;490;45.465;https://ev-database.org/img/auto/BMW_iX1_2022/BMW_iX1_2022-01-thumb.jpg;1/9/23;;TRUE
78;Tesla Model S 75D;5;380;191;2.183;4.4;386;72.5;80;0;804;72.350;https://ev-database.org/img/auto/Tesla_Model_S_2016/Tesla_Model_S_2016-01-thumb.jpg;1/5/16;1/4/19;FALSE
79;Nissan Ariya 87kWh;5;450;193;2.121;7.6;445;87.0;110;750;468;44.645;https://ev-database.org/img/auto/Nissan_Ariya/Nissan_Ariya-01-thumb.jpg;1/7/22;;TRUE
80;Rolls-Royce Spectre;4;465;219;2.965;4.5;494;102.0;126;unknown;380;330.000;https://ev-database.org/img/auto/Rolls-Royce-Spectre/Rolls-Royce-Spectre-01-thumb.jpg;1/10/23;;TRUE
81;Mercedes-Benz EQA 250;5;395;168;2.045;8.6;405;66.5;100;1.500;340;N/A;https://ev-database.org/img/auto/Mercedes_EQA_2024/Mercedes_EQA_2024-01-thumb.jpg;1/10/23;;TRUE
82;KGM Torres EVX;5;370;195;1.979;8.1;368;72.0;85;1.500;839;44.495;https://ev-database.org/img/auto/KGM_Torres_EVX/KGM_Torres_EVX-01-thumb.jpg;1/4/24;;TRUE
83;BMW iX xDrive50;5;505;208;2.585;4.6;538;105.2;149;2.500;500;102.755;https://ev-database.org/img/auto/BMW_iX_2022/BMW_iX_2022-01-thumb.jpg;1/11/21;1/1/25;FALSE
84;BYD SEAL U 87h Design;5;425;205;2.222;9.6;418;87.0;85;1.300;552;N/A;https://ev-database.org/img/auto/BYD_SEAL_U/BYD_SEAL_U-01-thumb.jpg;1/4/24;;TRUE
85;Volkswagen ID.4 Pro Performance;5;410;188;2.109;8.5;436;77.0;125;1.000;543;46.035;https://ev-database.org/img/auto/Volkswagen_ID4/Volkswagen_ID4-01-thumb.jpg;1/1/21;1/11/23;FALSE
86;Kia EV6 Long Range 2WD;5;460;174;1.950;7.3;577;80.0;205;1.800;542;45.575;https://ev-database.org/img/auto/Kia_EV6_2024/Kia_EV6_2024-01-thumb.jpg;1/9/24;;TRUE
87;Hyundai IONIQ Electric;5;190;147;1.495;9.9;225;28.0;65;0;350;27.250;https://ev-database.org/img/auto/Hyundai_IONIQ_Electric/Hyundai_IONIQ_Electric-01-thumb.jpg;1/10/16;1/9/19;FALSE
88;Skoda Enyaq iV 80;5;440;175;2.075;8.6;468;77.0;125;1.000;585;42.925;https://ev-database.org/img/auto/Skoda_Enyaq_iV_2020/Skoda_Enyaq_iV_2020-01-thumb.jpg;1/4/21;1/10/23;FALSE
89;Volkswagen ID.3 Pro;5;350;166;1.815;7.3;378;58.0;82;0;385;44.990;https://ev-database.org/img/auto/Volkswagen_ID3_2023/Volkswagen_ID3_2023-01-thumb.jpg;1/3/23;1/6/24;FALSE
90;Hyundai Kona Electric 64h;5;390;164;1.760;7.9;363;64.0;64;0;361;39.150;https://ev-database.org/img/auto/Hyundai_Kona_Electric_2020/Hyundai_Kona_Electric_2020-01-thumb.jpg;1/11/19;1/10/21;FALSE
91;Mazda 6e;5;390;169;2.027;7.6;459;66.0;126;1.500;400;* 38.000;https://ev-database.org/img/auto/Mazda_6e/Mazda_6e-01-thumb.jpg;;;
92;Audi A6 Avant e-tron performance;5;565;168;2.260;5.4;685;94.9;200;2.100;529;71.700;https://ev-database.org/img/auto/Audi_A6_Avant_etron_2024/Audi_A6_Avant_etron_2024-01-thumb.jpg;1/9/24;;TRUE
93;Hyundai INSTER Standard Range;4;250;156;1.388;11.7;262;39.0;60;unknown;280;23.495;https://ev-database.org/img/auto/Hyundai_Inster_2025/Hyundai_Inster_2025-01-thumb.jpg;1/10/24;;TRUE
94;Peugeot e-3008 97h Long Range;5;500;194;2.241;8.7;512;96.9;135;1.200;588;48.650;https://ev-database.org/img/auto/Peugeot_e-3008_2024/Peugeot_e-3008_2024-01-thumb.jpg;1/10/24;;TRUE
95;Kia e-Niro 64h;5;375;171;1.812;7.8;349;64.0;64;300;451;34.995;https://ev-database.org/img/auto/Kia_e-Niro-2020/Kia_e-Niro-2020-01-thumb.jpg;1/12/20;1/4/22;FALSE
96;Skoda Enyaq 85;5;450;171;2.137;6.7;467;77.0;120;1.000;585;44.540;https://ev-database.org/img/auto/Skoda_Enyaq_iV_2020/Skoda_Enyaq_iV_2020-01-thumb.jpg;1/9/23;1/1/25;FALSE
97;Kia EV9 99.8h AWD;7;435;221;2.625;6.0;485;96.0;194;2.500;385;N/A;https://ev-database.org/img/auto/Kia_EV9_2023/Kia_EV9_2023-01-thumb.jpg;1/9/23;;TRUE
98;Audi Q6 e-tron quattro;5;480;198;2.400;5.9;567;94.9;200;2.400;590;68.975;https://ev-database.org/img/auto/Audi_Q6_etron_2024/Audi_Q6_etron_2024-01-thumb.jpg;1/4/24;;TRUE
99;VinFast VF 8 Eco Extended Range;5;405;217;2.530;5.9;416;87.7;120;1.800;376;N/A;https://ev-database.org/img/auto/VinFast_VF_8/VinFast_VF_8-01-thumb.jpg;1/11/23;;TRUE
100;Tesla Model S 100D;5;485;196;2.290;4.3;486;95.0;100;0;895;89.650;https://ev-database.org/img/auto/Tesla_Model_S_2016/Tesla_Model_S_2016-01-thumb.jpg;1/1/17;1/2/19;FALSE
101;BYD SEALION 7 82.5h RWD Comfort;5;425;194;2.200;6.7;445;82.5;115;750;578;46.990;https://ev-database.org/img/auto/BYD_SEALION_7/BYD_SEALION_7-01-thumb.jpg;1/12/24;;TRUE
102;BMW i4 M50;5;450;179;2.290;3.9;510;80.7;131;1.600;470;71.085;https://ev-database.org/img/auto/BMW_i4_M50/BMW_i4_M50-01-thumb.jpg;1/11/21;1/5/24;FALSE
103;Skoda Elroq 60;5;350;169;2.000;8.5;395;59.0;105;1.000;470;33.350;https://ev-database.org/img/auto/Skoda_Elroq_2024/Skoda_Elroq_2024-01-thumb.jpg;1/10/24;;TRUE
104;BYD SEAL 82.5h RWD Design;5;480;172;2.130;5.9;507;82.5;100;750;453;45.695;https://ev-database.org/img/auto/BYD_SEAL/BYD_SEAL-01-thumb.jpg;1/9/23;;TRUE
105;Nissan Leaf;5;235;166;1.580;7.9;218;39.0;40;0;435;28.495;https://ev-database.org/img/auto/Nissan_Leaf_2022/Nissan_Leaf_2022-01-thumb.jpg;1/3/22;;TRUE
106;Lynk&Co 02;5;375;176;1.820;5.5;405;66.0;90;1.600;425;N/A;https://ev-database.org/img/auto/LynkCo_02_2024/LynkCo_02_2024-01-thumb.jpg;1/11/24;;TRUE
107;BMW i5 eDrive40 Sedan;5;470;173;2.205;6.0;535;81.2;136;1.500;490;74.105;https://ev-database.org/img/auto/BMW_i5_eDrive40_Sedan/BMW_i5_eDrive40_Sedan-01-thumb.jpg;1/5/23;;TRUE
108;Dacia Spring Electric 45;4;165;152;1.020;19.1;151;25.0;29;0;343;14.995;https://ev-database.org/img/auto/Dacia_Spring_Electric_2024/Dacia_Spring_Electric_2024-01-thumb.jpg;1/4/24;;TRUE
109;Tesla Model 3 Standard Range Plus LFP;5;350;150;1.825;5.6;412;52.5;95;1.000;649;40.990;https://ev-database.org/img/auto/Tesla_Model_3_2021/Tesla_Model_3_2021-01-thumb.jpg;1/11/20;1/12/21;FALSE
110;Opel Corsa-e;5;295;157;1.530;8.1;321;46.3;78;0;309;33.930;https://ev-database.org/img/auto/Opel_Corsa-e/Opel_Corsa-e-01-thumb.jpg;1/11/21;1/10/23;FALSE
111;BMW iX xDrive60;5;525;208;2.580;4.6;554;109.1;150;2.500;500;93.105;https://ev-database.org/img/auto/BMW_iX_2025/BMW_iX_2025-01-thumb.jpg;1/1/25;;TRUE
112;Tesla Model 3 Performance;5;470;162;1.919;3.4;555;76.0;135;0;649;59.990;https://ev-database.org/img/auto/Tesla_Model_3_2021/Tesla_Model_3_2021-01-thumb.jpg;1/11/20;1/4/22;FALSE
113;Hyundai IONIQ 5 Long Range 2WD;5;390;190;2.010;7.3;492;74.0;200;1.600;584;46.945;https://ev-database.org/img/auto/Hyundai_IONIQ5_2021/Hyundai_IONIQ5_2021-01-thumb.jpg;1/4/22;1/8/24;FALSE
114;MG MG4 Electric 51h;5;300;169;1.710;7.7;306;50.8;68;500;363;26.995;https://ev-database.org/img/auto/MG_MG4_Electric_2022/MG_MG4_Electric_2022-01-thumb.jpg;1/10/22;;TRUE
115;Volvo EX40 Single Motor ER;5;400;198;2.075;7.3;441;79.0;125;1.500;441;47.705;https://ev-database.org/img/auto/Volvo_EX40_2025/Volvo_EX40_2025-01-thumb.jpg;1/2/24;;TRUE
116;Dacia Spring Electric 45;4;165;152;1.012;19.1;151;25.0;29;0;300;N/A;https://ev-database.org/img/auto/Dacia_Spring_Electric_2022/Dacia_Spring_Electric_2022-01-thumb.jpg;1/7/22;1/4/24;FALSE
117;Audi Q4 e-tron 45;5;420;183;2.145;6.7;460;77.0;120;1.000;520;50.745;https://ev-database.org/img/auto/Audi_Q4_e-tron_2021/Audi_Q4_e-tron_2021-01-thumb.jpg;1/9/23;;TRUE
118;Peugeot e-208;5;285;162;1.530;9.0;311;46.3;78;0;265;31.595;https://ev-database.org/img/auto/Peugeot_e-208_GT/Peugeot_e-208_GT-01-thumb.jpg;1/11/21;1/12/23;FALSE
119;Citroen e-C4;5;290;160;1.636;9.7;318;46.3;78;0;380;31.960;https://ev-database.org/img/auto/Citroen_e-C4/Citroen_e-C4-01-thumb.jpg;1/11/21;1/12/24;FALSE
120;Jeep Avenger Electric;5;310;164;1.595;9.0;327;50.8;85;0;355;34.800;https://ev-database.org/img/auto/Jeep_Avenger/Jeep_Avenger-01-thumb.jpg;1/1/23;;TRUE
121;Hyundai IONIQ 5 Long Range AWD;5;385;192;2.120;5.1;484;74.0;200;1.600;551;50.445;https://ev-database.org/img/auto/Hyundai_IONIQ5_2021/Hyundai_IONIQ5_2021-01-thumb.jpg;1/4/22;1/8/24;FALSE
122;Polestar 2 Long Range Dual Motor;5;390;192;2.188;4.7;419;75.0;108;1.500;440;49.550;https://ev-database.org/img/auto/Polestar_2_2022/Polestar_2_2022-01-thumb.jpg;1/9/21;1/1/23;FALSE
123;Volkswagen ID.7 Tourer Pro S;5;520;165;2.239;6.7;589;86.0;145;1.000;605;56.140;https://ev-database.org/img/auto/Volkswagen_ID7_Tourer/Volkswagen_ID7_Tourer-01-thumb.jpg;1/6/24;;TRUE
124;NIO ET5 Long Range;5;500;180;2.235;4.0;494;90.0;100;1.400;386;N/A;https://ev-database.org/img/auto/NIO_ET5/NIO_ET5-01-thumb.jpg;1/12/22;;TRUE
125;Peugeot e-3008 73h;5;380;192;2.183;8.8;397;73.0;90;1.250;588;45.950;https://ev-database.org/img/auto/Peugeot_e-3008_2024/Peugeot_e-3008_2024-01-thumb.jpg;1/11/23;;TRUE
126;Hongqi E-HS9 99h;5;370;243;2.705;4.9;367;90.0;112;1.500;438;N/A;https://ev-database.org/img/auto/Hongqi_E-HS9/Hongqi_E-HS9-01-thumb.jpg;1/12/22;;TRUE
127;Dongfeng Box 42.3h;5;255;157;1.430;12.5;253;40.0;53;unknown;326;N/A;https://ev-database.org/img/auto/Dongfeng_Box/Dongfeng_Box-01-thumb.jpg;1/10/24;;TRUE
128;Zeekr 7X Performance AWD;5;475;198;2.100;3.8;603;94.0;260;2.000;581;N/A;https://ev-database.org/img/auto/Zeekr_7X_2024/Zeekr_7X_2024-01-thumb.jpg;;;
129;Smart EQ fortwo coupe;2;100;167;1.095;11.6;71;16.7;0;0;260;22.225;https://ev-database.org/img/auto/Smart_fortwo_2020/Smart_fortwo_2020-01-thumb.jpg;1/1/20;1/5/23;FALSE
130;Polestar 2 Long Range Single Motor;5;420;179;2.069;7.4;451;75.0;108;1.500;440;46.450;https://ev-database.org/img/auto/Polestar_2_2022/Polestar_2_2022-01-thumb.jpg;1/9/21;1/1/23;FALSE
131;Mazda MX-30;5;170;176;1.720;9.7;167;30.0;32;0;366;31.250;https://ev-database.org/img/auto/Mazda_MX-30/Mazda_MX-30-01-thumb.jpg;1/5/22;;TRUE
132;Opel Grandland 73h;5;365;200;2.232;9.0;381;73.0;90;1.200;550;40.995;https://ev-database.org/img/auto/Opel_Grandland_2024/Opel_Grandland_2024-01-thumb.jpg;1/10/24;;TRUE
133;MG ZS EV;5;220;193;1.566;8.2;222;42.5;53;0;448;26.095;https://ev-database.org/img/auto/MG_ZS_EV/MG_ZS_EV-01-thumb.jpg;1/9/19;1/11/21;FALSE
134;DS N¬∞8 AWD Long Range;5;535;182;2.289;5.4;578;97.2;130;1.600;620;63.290;https://ev-database.org/img/auto/DS_No8_2024/DS_No8_2024-01-thumb.jpg;1/2/24;;TRUE
135;Peugeot e-2008 SUV;5;260;178;1.623;8.5;285;46.3;78;0;434;30.730;https://ev-database.org/img/auto/Peugeot_e-2008_SUV/Peugeot_e-2008_SUV-01-thumb.jpg;1/6/20;1/12/21;FALSE
136;Honda e:Ny1;5;335;185;1.730;7.6;318;61.9;60;0;361;39.995;https://ev-database.org/img/auto/Honda_e:Ny1/Honda_e:Ny1-01-thumb.jpg;1/6/23;;TRUE
137;Volvo EX30 Cross Country;5;320;200;1.983;3.7;361;64.0;114;1.600;325;N/A;https://ev-database.org/img/auto/Volvo_EX30_CrossCountry/Volvo_EX30_CrossCountry-01-thumb.jpg;1/2/25;;TRUE
138;DS N¬∞8 FWD Long Range;5;555;175;2.180;7.8;593;97.2;130;1.400;620;54.690;https://ev-database.org/img/auto/DS_No8_2024/DS_No8_2024-01-thumb.jpg;1/2/24;;TRUE
139;BMW i7 xDrive60;5;510;199;2.715;4.7;564;101.7;159;2.000;500;113.970;https://ev-database.org/img/auto/BMW_i7_2022/BMW_i7_2022-01-thumb.jpg;1/11/22;;TRUE
140;Zeekr 001 Performance AWD;5;480;196;2.410;3.8;524;94.0;135;2.000;539;N/A;https://ev-database.org/img/auto/Zeekr_001_2023/Zeekr_001_2023-01-thumb.jpg;1/9/23;;TRUE
141;XPENG G9 RWD Long Range;5;480;194;2.285;6.4;592;93.1;224;1.500;731;N/A;https://ev-database.org/img/auto/XPENG_G9/XPENG_G9-01-thumb.jpg;1/2/23;;TRUE
142;Ford Explorer Extended Range RWD;5;430;179;2.190;6.4;446;77.0;120;1.000;536;45.875;https://ev-database.org/img/auto/Ford_Explorer_2024/Ford_Explorer_2024-01-thumb.jpg;1/3/24;;TRUE
143;BMW i4 eDrive35;5;430;156;2.075;6.0;486;67.1;95;1.600;470;51.270;https://ev-database.org/img/auto/BMW_i4_2024/BMW_i4_2024-01-thumb.jpg;1/6/24;;TRUE
144;MG MG5 Electric Long Range;5;335;171;1.637;7.7;325;57.4;60;500;479;30.995;https://ev-database.org/img/auto/MG_MG5_Electric_2021/MG_MG5_Electric_2021-01-thumb.jpg;1/3/22;;TRUE
145;BYD SEAL U 71.8h Comfort;5;360;199;2.095;9.3;352;71.8;72;1.300;552;N/A;https://ev-database.org/img/auto/BYD_SEAL_U/BYD_SEAL_U-01-thumb.jpg;1/4/24;;TRUE
146;Audi Q8 e-tron 55 quattro;5;505;210;2.585;5.6;515;106.0;144;1.800;631;80.715;https://ev-database.org/img/auto/Audi_Q8-etron-2023/Audi_Q8-etron-2023-01-thumb.jpg;1/12/22;1/11/24;FALSE
147;Polestar 4 Long Range Single Motor;5;495;190;2.305;7.4;533;94.0;135;1.500;541;59.990;https://ev-database.org/img/auto/Polestar_4_2024/Polestar_4_2024-01-thumb.jpg;1/1/24;;TRUE
148;Porsche Macan 4 Electric;5;485;196;2.405;5.2;580;95.0;200;2.000;624;69.800;https://ev-database.org/img/auto/Porsche_Macan_4_2024/Porsche_Macan_4_2024-01-thumb.jpg;1/1/24;;TRUE
149;CUPRA Tavascan Endurance;5;445;173;2.178;6.8;467;77.0;120;1.000;540;47.340;https://ev-database.org/img/auto/CUPRA_Tavascan_2024/CUPRA_Tavascan_2024-01-thumb.jpg;1/6/24;;TRUE
150;MG Cyberster GT;2;400;186;2.000;3.2;415;74.4;85;unknown;249;59.995;https://ev-database.org/img/auto/MG_Cyberster/MG_Cyberster-01-thumb.jpg;1/4/24;;TRUE
151;Peugeot e-5008 73h;7;370;197;2.218;9.7;388;73.0;90;1.000;348;48.650;https://ev-database.org/img/auto/Peugeot_e-5008_2024/Peugeot_e-5008_2024-01-thumb.jpg;1/6/24;;TRUE
152;Opel Mokka-e 50h;5;260;178;1.598;9.2;285;46.3;78;0;310;36.610;https://ev-database.org/img/auto/Opel_Mokka-e/Opel_Mokka-e-01-thumb.jpg;1/11/21;1/10/24;FALSE
153;Toyota bZ4X AWD;5;345;186;2.075;6.9;377;64.0;100;750;452;47.810;https://ev-database.org/img/auto/Toyota_bZ4X/Toyota_bZ4X-01-thumb.jpg;1/6/22;;TRUE
154;Renault Zoe ZE50 R135;5;310;168;1.577;9.5;271;52.0;41;0;338;29.995;https://ev-database.org/img/auto/Renault_Zoe_2020/Renault_Zoe_2020-01-thumb.jpg;1/11/19;1/5/24;FALSE
155;Hyundai IONIQ 6 Long Range AWD;5;440;168;2.095;5.1;568;74.0;200;1.500;416;50.540;https://ev-database.org/img/auto/Hyundai_IONIQ6_2022/Hyundai_IONIQ6_2022-01-thumb.jpg;1/11/22;;TRUE
156;Mercedes-Benz EQA 250+;5;420;168;2.055;8.6;414;70.5;90;1.500;340;49.750;https://ev-database.org/img/auto/Mercedes_EQA_2024/Mercedes_EQA_2024-01-thumb.jpg;1/10/23;;TRUE
157;XPENG G6 RWD Standard Range;5;370;178;2.100;6.9;443;66.0;140;unknown;571;39.990;https://ev-database.org/img/auto/XPENG_G6/XPENG_G6-01-thumb.jpg;1/5/24;;TRUE
158;Tesla Model X 100D;7;435;218;2.533;4.9;434;95.0;100;2.250;unknown;91.650;https://ev-database.org/img/auto/Tesla_Model_X/Tesla_Model_X-01-thumb.jpg;1/1/17;1/2/19;FALSE
159;Volkswagen ID. Buzz Pro;5;345;223;2.459;10.2;368;77.0;115;1.000;1.121;59.035;https://ev-database.org/img/auto/Volkswagen_ID_Buzz/Volkswagen_ID_Buzz-01-thumb.jpg;1/9/22;1/7/24;FALSE
160;Hyundai IONIQ 5 N;5;390;205;2.225;3.4;482;80.0;205;0;480;65.000;https://ev-database.org/img/auto/Hyundai_IONIQ5_N_2024/Hyundai_IONIQ5_N_2024-01-thumb.jpg;1/11/23;;TRUE
161;Leapmotor C10;5;355;197;1.980;7.5;329;69.9;70;1.500;435;36.500;https://ev-database.org/img/auto/Leapmotor_C10/Leapmotor_C10-01-thumb.jpg;1/10/24;;TRUE
162;Tesla Model 3 Long Range Dual Motor;5;490;155;1.919;4.4;584;76.0;135;1.000;649;N/A;https://ev-database.org/img/auto/Tesla_Model_3_2021/Tesla_Model_3_2021-01-thumb.jpg;1/5/21;1/12/21;FALSE
163;Hyundai IONIQ 5 84h AWD;5;440;182;2.175;5.3;549;80.0;205;1.600;544;50.900;https://ev-database.org/img/auto/Hyundai_IONIQ5_2024/Hyundai_IONIQ5_2024-01-thumb.jpg;1/7/24;;TRUE
164;Audi e-tron GT quattro;4;420;202;2.350;4.1;529;85.0;216;0;490;87.800;https://ev-database.org/img/auto/Audi_e-tron_GT_quattro/Audi_e-tron_GT_quattro-01-thumb.jpg;1/3/21;1/3/24;FALSE
165;Hyundai IONIQ 6 Standard Range 2WD;5;335;149;1.850;8.8;418;50.0;120;750;446;N/A;https://ev-database.org/img/auto/Hyundai_IONIQ6_2022/Hyundai_IONIQ6_2022-01-thumb.jpg;1/1/23;;TRUE
166;XPENG P7 RWD Long Range;5;495;167;2.095;6.7;554;82.7;138;0;440;N/A;https://ev-database.org/img/auto/XPENG_P7/XPENG_P7-01-thumb.jpg;1/2/23;;TRUE
167;Mercedes-Benz EQE 350+;5;555;173;2.415;6.5;597;96.0;141;750;430;68.360;https://ev-database.org/img/auto/Mercedes_EQE/Mercedes_EQE-01-thumb.jpg;1/4/24;;TRUE
168;Peugeot e-2008 SUV;5;270;171;1.623;8.5;294;46.3;78;0;434;35.150;https://ev-database.org/img/auto/Peugeot_e-2008_SUV/Peugeot_e-2008_SUV-01-thumb.jpg;1/11/21;1/7/23;FALSE
169;Volkswagen ID. Buzz NWB Pro;5;360;219;2.510;7.6;398;79.0;135;1.200;1.121;59.035;https://ev-database.org/img/auto/Volkswagen_ID_Buzz/Volkswagen_ID_Buzz-01-thumb.jpg;1/6/24;;TRUE
170;Lucid Air Grand Touring;5;665;168;2.435;3.0;763;112.0;184;0;739;N/A;https://ev-database.org/img/auto/Lucid_Air/Lucid_Air-01-thumb.jpg;1/2/23;;TRUE
171;Kia EV6 Long Range AWD;5;450;178;2.060;5.2;558;80.0;205;1.800;510;52.075;https://ev-database.org/img/auto/Kia_EV6_2024/Kia_EV6_2024-01-thumb.jpg;1/9/24;;TRUE
172;BMW i4 eDrive35;5;430;156;2.065;6.0;487;67.0;95;1.600;470;49.995;https://ev-database.org/img/auto/BMW_i4_eDrive40/BMW_i4_eDrive40-01-thumb.jpg;1/11/22;1/5/24;FALSE
173;Polestar 2 Long Range Single Motor;5;475;166;2.075;6.2;533;79.0;125;1.500;448;48.950;https://ev-database.org/img/auto/Polestar_2_2024/Polestar_2_2024-01-thumb.jpg;1/6/24;;TRUE
174;Kia EV4 Hatchback Long Range;5;475;164;1.900;7.7;498;78.0;105;unknown;435;* 42.000;https://ev-database.org/img/auto/Kia_EV4_hatchback_2025/Kia_EV4_hatchback_2025-01-thumb.jpg;1/1/24;;
175;Volkswagen ID.4 Pure;5;285;182;1.991;9.0;318;52.0;87;1.000;543;N/A;https://ev-database.org/img/auto/Volkswagen_ID4_2024/Volkswagen_ID4_2024-01-thumb.jpg;1/10/23;;TRUE
176;Peugeot e-5008 97h Long Range;7;485;200;2.316;9.6;496;96.9;135;1.000;348;51.350;https://ev-database.org/img/auto/Peugeot_e-5008_2024/Peugeot_e-5008_2024-01-thumb.jpg;1/10/24;;TRUE
177;Skoda Enyaq iV 60;5;340;171;1.965;8.7;361;58.0;82;1.000;585;38.970;https://ev-database.org/img/auto/Skoda_Enyaq_iV_2020/Skoda_Enyaq_iV_2020-01-thumb.jpg;1/4/21;1/10/23;FALSE
178;Hyundai IONIQ 5 Standard Range 2WD;5;295;183;1.905;8.5;367;54.0;140;750;588;43.445;https://ev-database.org/img/auto/Hyundai_IONIQ5_2021/Hyundai_IONIQ5_2021-01-thumb.jpg;1/7/21;1/8/24;FALSE
179;Polestar 4 Long Range Dual Motor;5;485;194;2.430;3.8;524;94.0;135;2.000;541;66.990;https://ev-database.org/img/auto/Polestar_4_2024/Polestar_4_2024-01-thumb.jpg;1/1/24;;TRUE
180;Hyundai Kona Electric 48h;5;295;164;1.690;8.8;288;48.4;50;300;493;34.995;https://ev-database.org/img/auto/Hyundai_Kona_Electric_2024/Hyundai_Kona_Electric_2024-01-thumb.jpg;1/7/23;;TRUE
181;Tesla Model 3 Performance;5;460;163;1.919;3.4;543;75.0;124;0;649;57.990;https://ev-database.org/img/auto/Tesla_Model_3_2021/Tesla_Model_3_2021-01-thumb.jpg;1/2/22;1/10/23;FALSE
182;CUPRA Tavascan VZ;5;425;181;2.273;5.5;446;77.0;120;1.200;540;55.935;https://ev-database.org/img/auto/CUPRA_Tavascan_2024/CUPRA_Tavascan_2024-01-thumb.jpg;1/6/24;;TRUE
183;BMW iX xDrive45;5;470;202;2.525;5.1;490;94.8;115;2.500;500;75.305;https://ev-database.org/img/auto/BMW_iX_2025/BMW_iX_2025-01-thumb.jpg;1/1/25;;TRUE
184;Volkswagen ID.3 Pro;5;350;166;1.812;9.6;378;58.0;82;0;385;30.700;https://ev-database.org/img/auto/Volkswagen_ID3/Volkswagen_ID3-01-thumb.jpg;1/7/21;1/12/22;FALSE
185;MG MG4 Electric 77h;5;425;175;1.826;6.5;454;74.4;110;500;363;36.495;https://ev-database.org/img/auto/MG_MG4_Electric_2022/MG_MG4_Electric_2022-01-thumb.jpg;1/8/23;;TRUE
186;Volvo EX30 Single Motor;5;275;178;1.840;5.7;306;49.0;80;1.000;325;32.850;https://ev-database.org/img/auto/Volvo_EX30_2024/Volvo_EX30_2024-01-thumb.jpg;1/6/23;;TRUE
187;Zeekr 001 Long Range RWD;5;505;186;2.275;7.2;547;94.0;135;1.500;539;N/A;https://ev-database.org/img/auto/Zeekr_001_2023/Zeekr_001_2023-01-thumb.jpg;1/9/23;;TRUE
188;Tesla Model S P100D;5;475;200;2.316;2.7;477;95.0;100;0;895;127.750;https://ev-database.org/img/auto/Tesla_Model_S_2016/Tesla_Model_S_2016-01-thumb.jpg;1/9/16;1/2/19;FALSE
189;Peugeot e-2008 54h;5;300;169;1.623;9.1;324;50.8;85;0;434;37.300;https://ev-database.org/img/auto/Peugeot_e-2008_2024/Peugeot_e-2008_2024-01-thumb.jpg;1/7/23;;TRUE
190;BMW i3 94 Ah;4;165;165;1.320;7.3;170;27.2;46;unknown;260;28.570;https://ev-database.org/img/auto/BMW_i3_94Ah/BMW_i3_94Ah-01-thumb.jpg;1/7/16;1/8/17;FALSE
191;Opel Astra Electric;5;320;159;1.736;9.2;343;50.8;85;0;352;37.795;https://ev-database.org/img/auto/Opel_Astra_Electric/Opel_Astra_Electric-01-thumb.jpg;1/6/23;;TRUE
192;Skoda Elroq 50;5;310;168;1.949;9.0;351;52.0;90;1.000;470;31.500;https://ev-database.org/img/auto/Skoda_Elroq_2024/Skoda_Elroq_2024-01-thumb.jpg;1/10/24;;TRUE
193;Ford Capri Extended Range RWD;5;450;171;2.098;6.4;467;77.0;120;1.000;572;48.075;https://ev-database.org/img/auto/Ford_Capri_2024/Ford_Capri_2024-01-thumb.jpg;1/7/24;;TRUE
194;Nissan Leaf e+;5;345;171;1.756;7.3;297;59.0;44;0;420;32.945;https://ev-database.org/img/auto/Nissan_Leaf_2018/Nissan_Leaf_2018-01-thumb.jpg;1/6/19;1/4/22;FALSE
195;Honda e;4;170;168;1.588;9.0;169;28.5;32;0;171;34.365;https://ev-database.org/img/auto/Honda_e/Honda_e-01-thumb.jpg;1/8/20;1/10/22;FALSE
196;Kia EV4 Sedan Long Range;5;495;158;1.900;7.7;518;78.0;105;unknown;490;* 42.000;https://ev-database.org/img/auto/Kia_EV4_sedan_2025/Kia_EV4_sedan_2025-01-thumb.jpg;1/1/25;;
197;Volvo EX90 Twin Motor;7;465;230;2.811;5.9;503;107.0;150;2.200;347;96.255;https://ev-database.org/img/auto/Volvo_EX90/Volvo_EX90-01-thumb.jpg;1/12/22;;TRUE
198;Tesla Model S Long Range;5;530;179;2.255;3.8;561;95.0;110;0;894;74.980;https://ev-database.org/img/auto/Tesla_Model_S_2016/Tesla_Model_S_2016-01-thumb.jpg;1/4/19;1/10/20;FALSE
199;Subaru Solterra AWD;5;320;200;2.085;6.9;347;64.0;100;750;441;49.995;https://ev-database.org/img/auto/Subaru_Solterra/Subaru_Solterra-01-thumb.jpg;1/6/22;;TRUE
200;Volkswagen e-Up!;4;205;158;1.248;11.9;188;32.3;30;0;250;24.085;https://ev-database.org/img/auto/Volkswagen_e-Up-2019/Volkswagen_e-Up-2019-01-thumb.jpg;1/8/21;1/10/23;FALSE
201;Porsche Taycan 4S;5;395;180;2.215;4.0;507;71.0;183;0;491;86.500;https://ev-database.org/img/auto/Porsche_Taycan_4S/Porsche_Taycan_4S-01-thumb.jpg;1/5/20;1/1/23;FALSE
202;Tesla Model S 85;5;405;199;2.175;5.6;408;80.8;95;unknown;895;N/A;https://ev-database.org/img/auto/Tesla_Model_S/Tesla_Model_S-01-thumb.jpg;1/8/13;1/2/16;FALSE
203;Tesla Model S 90D;5;455;188;2.223;4.4;449;85.5;90;unknown;895;N/A;https://ev-database.org/img/auto/Tesla_Model_S_2016/Tesla_Model_S_2016-01-thumb.jpg;1/4/16;1/6/17;FALSE
204;Zeekr X Privilege AWD;5;345;186;2.035;3.8;389;64.0;114;1.600;362;N/A;https://ev-database.org/img/auto/Zeekr_X_2023/Zeekr_X_2023-01-thumb.jpg;1/10/23;;TRUE
205;Omoda E5;5;345;177;1.785;7.6;329;61.0;60;unknown;380;33.055;https://ev-database.org/img/auto/Omoda_E5_2024/Omoda_E5_2024-01-thumb.jpg;1/9/24;;TRUE
206;XPENG G6 AWD Performance;5;475;184;2.195;4.1;565;87.5;180;unknown;571;N/A;https://ev-database.org/img/auto/XPENG_G6/XPENG_G6-01-thumb.jpg;1/5/24;;TRUE
207;Tesla Model S 85D;5;420;192;2.184;4.4;423;80.8;95;unknown;895;N/A;https://ev-database.org/img/auto/Tesla_Model_S/Tesla_Model_S-01-thumb.jpg;1/4/15;1/2/16;FALSE
208;Volvo EX30 Twin Motor Performance;5;335;191;1.960;3.6;378;64.0;114;1.600;325;43.350;https://ev-database.org/img/auto/Volvo_EX30_2024/Volvo_EX30_2024-01-thumb.jpg;1/6/23;;TRUE
209;Hyundai IONIQ 5 Long Range 2WD;5;370;189;1.985;7.4;459;70.0;185;1.600;588;45.400;https://ev-database.org/img/auto/Hyundai_IONIQ5_2021/Hyundai_IONIQ5_2021-01-thumb.jpg;1/7/21;1/6/22;FALSE
210;Volkswagen ID.7 Tourer Pro;5;470;164;2.193;6.6;535;77.0;125;1.000;605;52.240;https://ev-database.org/img/auto/Volkswagen_ID7_Tourer/Volkswagen_ID7_Tourer-01-thumb.jpg;1/3/24;;TRUE
211;Mini Cooper SE;4;330;149;1.680;6.7;356;49.2;75;0;200;34.500;https://ev-database.org/img/auto/Mini_Cooper_Electric_2024/Mini_Cooper_Electric_2024-01-thumb.jpg;1/11/23;;TRUE
212;Hyundai IONIQ 9 Long Range AWD;7;480;221;2.700;6.7;543;106.0;195;2.500;672;* 65.000;https://ev-database.org/img/auto/Hyundai_IONIQ9_2024/Hyundai_IONIQ9_2024-01-thumb.jpg;1/1/24;;
213;Tesla Model X Plaid;7;465;204;2.539;2.7;516;95.0;140;2.250;608;* 120.000;https://ev-database.org/img/auto/Tesla_Model_X_2021/Tesla_Model_X_2021-01-thumb.jpg;1/11/22;;TRUE
214;Voyah Free 106h;5;480;208;2.415;4.4;433;100.0;80;2.000;622;N/A;https://ev-database.org/img/auto/Voyah_Free/Voyah_Free-01-thumb.jpg;1/12/23;;TRUE
215;Lexus RZ 450e;5;350;183;2.130;5.6;384;64.0;100;750;522;55.595;https://ev-database.org/img/auto/Lexus_RZ_450e/Lexus_RZ_450e-01-thumb.jpg;1/2/23;;TRUE
216;Mercedes-Benz EQE 300;5;525;170;2.405;7.3;566;89.0;120;750;430;68.810;https://ev-database.org/img/auto/Mercedes_EQE/Mercedes_EQE-01-thumb.jpg;1/6/23;1/5/24;FALSE
217;BMW iX2 xDrive30;5;385;168;2.095;5.6;414;64.7;93;1.200;525;57.445;https://ev-database.org/img/auto/BMW_iX2_2024/BMW_iX2_2024-01-thumb.jpg;1/10/23;;TRUE
218;Volkswagen ID.3 Pure;5;320;163;1.787;8.2;361;52.0;90;0;385;30.850;https://ev-database.org/img/auto/Volkswagen_ID3_2024/Volkswagen_ID3_2024-01-thumb.jpg;1/5/24;;TRUE
219;Peugeot e-208 51h;5;310;155;1.550;8.2;338;48.1;80;0;265;32.400;https://ev-database.org/img/auto/Peugeot_e-208_2024/Peugeot_e-208_2024-01-thumb.jpg;1/8/23;;TRUE
220;Volkswagen ID.5 Pro;5;455;169;2.143;6.7;503;77.0;120;1.000;549;50.940;https://ev-database.org/img/auto/Volkswagen_ID5_2024/Volkswagen_ID5_2024-01-thumb.jpg;1/10/23;;TRUE
221;Mercedes-Benz EQS 450+;5;635;170;2.480;6.2;703;107.8;173;750;610;105.610;https://ev-database.org/img/auto/Mercedes_EQS_2021/Mercedes_EQS_2021-01-thumb.jpg;1/10/21;1/6/23;FALSE
222;Renault Twingo Electric;4;135;158;1.186;12.6;92;21.3;0;0;174;N/A;https://ev-database.org/img/auto/Renault_Twingo_ZE_2020/Renault_Twingo_ZE_2020-01-thumb.jpg;1/11/20;1/5/24;FALSE
223;Porsche Taycan;5;410;173;2.125;5.4;517;71.0;183;0;491;75.500;https://ev-database.org/img/auto/Porsche_Taycan/Porsche_Taycan-01-thumb.jpg;1/2/21;1/1/23;FALSE
224;Dacia Spring Electric 65;4;160;156;1.040;13.7;149;25.0;29;0;343;15.995;https://ev-database.org/img/auto/Dacia_Spring_Electric_2024/Dacia_Spring_Electric_2024-01-thumb.jpg;1/4/24;;TRUE
225;Audi A6 Sportback e-tron quattro;5;585;162;2.360;4.7;719;94.9;200;2.100;529;N/A;https://ev-database.org/img/auto/Audi_A6_Sportback_etron_2024/Audi_A6_Sportback_etron_2024-01-thumb.jpg;1/10/24;;TRUE
226;Kia EV6 GT;5;360;206;2.200;3.5;449;74.0;200;1.800;500;62.645;https://ev-database.org/img/auto/Kia_EV6_GT_2021/Kia_EV6_GT_2021-01-thumb.jpg;1/4/22;1/11/24;FALSE
227;Porsche Taycan Plus;5;575;169;2.245;4.8;731;97.0;240;0;491;90.954;https://ev-database.org/img/auto/Porsche_Taycan_2024/Porsche_Taycan_2024-01-thumb.jpg;1/2/24;;TRUE
228;Volkswagen ID.3 Pro S;5;450;171;1.962;7.1;501;77.0;120;0;385;39.190;https://ev-database.org/img/auto/Volkswagen_ID3_2024/Volkswagen_ID3_2024-01-thumb.jpg;1/5/24;;TRUE
229;Opel Corsa Electric 51h;5;315;153;1.544;8.1;341;48.1;80;0;267;35.475;https://ev-database.org/img/auto/Opel_Corsa_Electric_2023/Opel_Corsa_Electric_2023-01-thumb.jpg;1/7/23;;TRUE
230;Tesla Model Y Long Range Dual Motor;5;425;169;2.056;5.0;484;72.0;108;1.600;971;N/A;https://ev-database.org/img/auto/Tesla_Model_Y/Tesla_Model_Y-01-thumb.jpg;1/8/21;1/1/22;FALSE
231;Kia EV6 Long Range AWD;5;400;185;2.090;5.2;505;74.0;200;1.600;500;51.745;https://ev-database.org/img/auto/Kia_EV6_2021/Kia_EV6_2021-01-thumb.jpg;1/10/21;1/11/24;FALSE
232;Smart #1 Pro+;5;335;185;1.863;6.7;364;62.0;100;1.600;338;35.950;https://ev-database.org/img/auto/Smart_1_2023/Smart_1_2023-01-thumb.jpg;1/3/23;;TRUE
233;Hyundai IONIQ 5 63h RWD;5;345;174;1.965;8.5;423;60.0;150;750;577;39.900;https://ev-database.org/img/auto/Hyundai_IONIQ5_2024/Hyundai_IONIQ5_2024-01-thumb.jpg;1/7/24;;TRUE
234;BMW iX2 eDrive20;5;395;164;1.960;8.6;427;64.7;93;750;525;51.615;https://ev-database.org/img/auto/BMW_iX2_2024/BMW_iX2_2024-01-thumb.jpg;1/1/24;;TRUE
235;Volkswagen ID.7 Tourer GTX;5;480;179;2.339;5.5;546;86.0;145;1.200;605;62.670;https://ev-database.org/img/auto/Volkswagen_ID7_Tourer_GTX/Volkswagen_ID7_Tourer_GTX-01-thumb.jpg;1/6/24;;TRUE
236;Mercedes-Benz EQB 300 4MATIC;7;345;193;2.165;8.0;357;66.5;100;1.700;495;55.310;https://ev-database.org/img/auto/Mercedes_EQB_2024/Mercedes_EQB_2024-01-thumb.jpg;1/10/23;;TRUE
237;Mercedes-Benz EQS 580 4MATIC;5;590;184;2.635;4.3;654;108.4;173;750;620;N/A;https://ev-database.org/img/auto/Mercedes_EQS_2021/Mercedes_EQS_2021-01-thumb.jpg;1/6/23;1/4/24;FALSE
238;CUPRA Born 170 - 77h;5;460;167;1.969;7.0;512;77.0;125;0;385;41.795;https://ev-database.org/img/auto/Cupra_el-Born/Cupra_el-Born-01-thumb.jpg;1/6/24;;TRUE
239;Tesla Model X Dual Motor;7;485;196;2.415;3.9;539;95.0;140;2.250;608;* 105.000;https://ev-database.org/img/auto/Tesla_Model_X_2021/Tesla_Model_X_2021-01-thumb.jpg;1/1/23;;TRUE
240;Polestar 2;5;390;192;2.198;4.7;419;75.0;108;1.500;440;49.900;https://ev-database.org/img/auto/Polestar_2/Polestar_2-01-thumb.jpg;1/8/20;1/5/21;FALSE
241;Tesla Model S Performance;5;535;183;2.307;2.6;595;98.0;125;0;894;94.980;https://ev-database.org/img/auto/Tesla_Model_S_2016/Tesla_Model_S_2016-01-thumb.jpg;1/11/20;1/3/21;FALSE
242;Volkswagen e-Up!;4;205;158;1.235;11.9;188;32.3;30;0;250;22.055;https://ev-database.org/img/auto/Volkswagen_e-Up-2019/Volkswagen_e-Up-2019-01-thumb.jpg;1/1/20;1/11/21;FALSE
243;NIO ET7 Standard Range;5;415;177;2.434;3.8;456;73.5;110;2.000;363;N/A;https://ev-database.org/img/auto/NIO_ET7/NIO_ET7-01-thumb.jpg;1/10/22;;TRUE
244;Fiat 600e;5;310;164;1.595;9.0;333;50.8;79;0;360;32.995;https://ev-database.org/img/auto/Fiat_600e/Fiat_600e-01-thumb.jpg;1/7/23;;TRUE
245;Tesla Model Y;5;350;164;1.992;6.9;431;57.5;140;1.600;971;44.990;https://ev-database.org/img/auto/Tesla_Model_Y/Tesla_Model_Y-01-thumb.jpg;1/11/22;1/1/25;FALSE
246;Tesla Model 3 Long Range RWD;5;495;152;1.825;5.9;586;75.0;124;1.000;649;46.990;https://ev-database.org/img/auto/Tesla_Model_3_2021/Tesla_Model_3_2021-01-thumb.jpg;1/4/23;1/10/23;FALSE
247;Tesla Model 3 Long Range RWD;5;475;155;1.801;5.3;583;73.5;163;910;542;N/A;https://ev-database.org/img/auto/Tesla_Model_3/Tesla_Model_3-01-thumb.jpg;1/4/19;1/7/19;FALSE
248;Opel Frontera 44h;5;250;176;1.514;12.1;263;44.0;60;350;460;23.495;https://ev-database.org/img/auto/Opel_Frontera_2024/Opel_Frontera_2024-01-thumb.jpg;1/6/24;;TRUE
249;BMW i4 M50;5;450;181;2.290;3.9;516;81.3;131;1.600;470;72.375;https://ev-database.org/img/auto/BMW_i4_M50_2024/BMW_i4_M50_2024-01-thumb.jpg;1/6/24;;TRUE
250;Ford Puma Gen-E;5;275;159;1.563;8.0;312;43.6;85;750;566;29.995;https://ev-database.org/img/auto/Ford_Puma_Gen-E/Ford_Puma_Gen-E-01-thumb.jpg;1/12/24;;TRUE
251;Tesla Model 3 Long Range Performance;5;440;167;1.931;3.5;543;73.5;163;0;542;56.490;https://ev-database.org/img/auto/Tesla_Model_3/Tesla_Model_3-01-thumb.jpg;1/2/19;1/10/20;FALSE
252;Volvo EX90 Twin Motor Performance;7;450;238;2.811;4.9;484;107.0;150;2.200;347;100.555;https://ev-database.org/img/auto/Volvo_EX90/Volvo_EX90-01-thumb.jpg;1/12/22;;TRUE
253;Lotus Eletre;5;495;220;2.565;4.5;604;109.0;259;2.250;657;90.805;https://ev-database.org/img/auto/Lotus_Eletre/Lotus_Eletre-01-thumb.jpg;1/3/23;;TRUE
254;Audi Q6 e-tron performance;5;490;194;2.275;6.6;570;94.9;190;2.000;590;63.475;https://ev-database.org/img/auto/Audi_Q6_etron_2024/Audi_Q6_etron_2024-01-thumb.jpg;1/5/24;;TRUE
255;Audi e-tron GT RS;4;405;210;2.420;3.3;511;85.0;216;0;451;119.000;https://ev-database.org/img/auto/Audi_e-tron_GT_RS/Audi_e-tron_GT_RS-01-thumb.jpg;1/3/21;1/3/24;FALSE
256;MG ZS EV Standard Range;5;265;185;1.645;8.6;257;49.0;50;500;448;30.495;https://ev-database.org/img/auto/MG_ZS_EV_2022/MG_ZS_EV_2022-01-thumb.jpg;1/11/21;;TRUE
257;Lexus UX 300e;5;340;188;1.885;7.5;289;64.0;35;0;316;39.995;https://ev-database.org/img/auto/Lexus_UX_300e_Electric_2023/Lexus_UX_300e_Electric_2023-01-thumb.jpg;1/4/23;;TRUE
258;XPENG G9 AWD Performance;5;465;200;2.415;3.9;577;93.1;224;1.500;731;N/A;https://ev-database.org/img/auto/XPENG_G9/XPENG_G9-01-thumb.jpg;1/2/23;;TRUE
259;Kia EV6 Standard Range 2WD;5;355;169;1.855;8.7;433;60.0;150;750;542;N/A;https://ev-database.org/img/auto/Kia_EV6_2024/Kia_EV6_2024-01-thumb.jpg;1/9/24;;TRUE
260;Tesla Model S 75;5;380;191;2.102;4.6;386;72.5;80;unknown;895;55.880;https://ev-database.org/img/auto/Tesla_Model_S_2016/Tesla_Model_S_2016-01-thumb.jpg;1/5/16;1/10/17;FALSE
261;Maxus MIFA 9;7;365;230;2.385;9.2;346;84.0;103;1.000;521;65.290;https://ev-database.org/img/auto/Maxus_MIFA_9/Maxus_MIFA_9-01-thumb.jpg;1/2/23;;TRUE
262;BMW i5 M60 xDrive Sedan;5;420;193;2.380;3.8;479;81.2;136;2.000;490;97.745;https://ev-database.org/img/auto/BMW_i5_M60_xDrive_Sedan/BMW_i5_M60_xDrive_Sedan-01-thumb.jpg;1/5/23;;TRUE
263;Volkswagen ID. Buzz LWB Pro;7;370;232;2.636;7.9;407;86.0;145;1.000;1.340;59.395;https://ev-database.org/img/auto/Volkswagen_ID_Buzz_LWB/Volkswagen_ID_Buzz_LWB-01-thumb.jpg;1/6/24;;TRUE
264;Mercedes-Benz EQE 350+;5;525;173;2.355;6.4;572;90.6;141;750;430;76.450;https://ev-database.org/img/auto/Mercedes_EQE/Mercedes_EQE-01-thumb.jpg;1/4/22;1/9/23;FALSE
265;Lucid Air Dream Edition R;5;685;172;2.435;2.9;786;118.0;185;0;739;N/A;https://ev-database.org/img/auto/Lucid_Air/Lucid_Air-01-thumb.jpg;1/1/22;1/1/24;FALSE
266;Kia e-Niro 64h;5;375;171;1.812;7.8;349;64.0;64;0;451;33.850;https://ev-database.org/img/auto/Kia_e-Niro-2020/Kia_e-Niro-2020-01-thumb.jpg;1/1/20;1/1/21;FALSE
267;Nissan Ariya 63kWh;5;335;188;1.980;7.5;351;63.0;90;750;468;39.645;https://ev-database.org/img/auto/Nissan_Ariya/Nissan_Ariya-01-thumb.jpg;1/7/22;;TRUE
268;Smart #1 Brabus;5;325;191;1.975;3.9;357;62.0;100;1.600;328;43.450;https://ev-database.org/img/auto/Smart_1_Brabus_2023/Smart_1_Brabus_2023-01-thumb.jpg;1/3/23;;TRUE
269;Mercedes-Benz EQS SUV 450 4MATIC;7;530;223;2.840;6.1;543;118.0;160;1.800;645;129.470;https://ev-database.org/img/auto/Mercedes_EQS_SUV_2022/Mercedes_EQS_SUV_2022-01-thumb.jpg;1/10/23;;TRUE
270;Porsche Macan Electric;5;510;186;2.295;5.7;606;95.0;200;2.000;624;67.200;https://ev-database.org/img/auto/Porsche_Macan_Electric_2024/Porsche_Macan_Electric_2024-01-thumb.jpg;1/7/24;;TRUE
271;VinFast VF 9 Extended Range;7;515;239;2.900;6.5;492;123.0;130;unknown;287;N/A;https://ev-database.org/img/auto/VinFast_VF_9/VinFast_VF_9-01-thumb.jpg;1/1/14;;
272;BYD SEALION 7 82.5h AWD Design;5;405;204;2.315;4.5;425;82.5;115;1.500;578;51.990;https://ev-database.org/img/auto/BYD_SEALION_7/BYD_SEALION_7-01-thumb.jpg;1/12/24;;TRUE
273;Skoda Enyaq 85x;5;450;171;2.230;6.7;501;77.0;120;1.200;585;48.750;https://ev-database.org/img/auto/Skoda_Enyaq_2025/Skoda_Enyaq_2025-01-thumb.jpg;1/1/25;;TRUE
274;Ford Capri Extended Range AWD;5;445;178;2.174;5.3;500;79.0;135;1.200;572;56.175;https://ev-database.org/img/auto/Ford_Capri_2024/Ford_Capri_2024-01-thumb.jpg;1/7/24;;TRUE
275;BYD ATTO 2;5;245;184;1.645;7.9;235;45.1;51;750;400;* 30.000;https://ev-database.org/img/auto/BYD_ATTO_2/BYD_ATTO_2-01-thumb.jpg;1/3/25;;TRUE
276;Renault 5 E-Tech 40kWh 120hp;5;250;160;1.447;9.0;262;40.0;55;500;326;22.995;https://ev-database.org/img/auto/Renault_5_ETech/Renault_5_ETech-01-thumb.jpg;1/11/24;;TRUE
277;Polestar 3 Long Range Single motor;5;500;214;2.575;7.8;542;107.0;150;1.500;516;69.900;https://ev-database.org/img/auto/Polestar_3/Polestar_3-01-thumb.jpg;1/6/24;;TRUE
278;Tesla Model S Long Range Plus;5;555;177;2.255;3.8;620;98.0;125;0;894;79.980;https://ev-database.org/img/auto/Tesla_Model_S_2016/Tesla_Model_S_2016-01-thumb.jpg;1/11/20;1/3/21;FALSE
279;Renault 5 E-Tech 40kWh 95hp;5;255;157;1.400;10.0;182;40.0;0;500;326;* 22.000;https://ev-database.org/img/auto/Renault_5_ETech/Renault_5_ETech-01-thumb.jpg;1/1/20;;
280;Mercedes-Benz EQA 250;5;360;185;2.040;8.9;368;66.5;100;750;340;47.510;https://ev-database.org/img/auto/Mercedes_EQA/Mercedes_EQA-01-thumb.jpg;1/4/21;1/6/22;FALSE
281;Audi Q4 e-tron 50 quattro;5;385;199;2.210;6.2;418;76.6;115;1.200;520;57.010;https://ev-database.org/img/auto/Audi_Q4_e-tron_2021/Audi_Q4_e-tron_2021-01-thumb.jpg;1/7/21;1/1/24;FALSE
282;Hyundai Kona Electric 39h;5;245;160;1.610;9.9;223;39.2;37;0;332;32.450;https://ev-database.org/img/auto/Hyundai_Kona_Electric_2021/Hyundai_Kona_Electric_2021-01-thumb.jpg;1/6/21;1/12/23;FALSE
283;Lancia Ypsilon;5;310;155;1.561;8.2;334;48.1;80;0;309;N/A;https://ev-database.org/img/auto/Lancia_Ypsilon/Lancia_Ypsilon-01-thumb.jpg;1/6/24;;TRUE
284;Volvo EX40 Single Motor;5;345;194;2.040;7.3;383;67.0;110;1.500;441;45.955;https://ev-database.org/img/auto/Volvo_EX40_2025/Volvo_EX40_2025-01-thumb.jpg;1/2/24;;TRUE
285;Tesla Model S P85D;5;390;207;2.262;3.3;393;80.8;95;unknown;895;N/A;https://ev-database.org/img/auto/Tesla_Model_S/Tesla_Model_S-01-thumb.jpg;1/11/14;1/2/16;FALSE
286;BMW iX M60;5;485;217;2.659;3.8;515;105.2;149;2.500;500;122.775;https://ev-database.org/img/auto/BMW_iX_2022/BMW_iX_2022-01-thumb.jpg;1/4/22;1/1/25;FALSE
287;Audi S6 Avant e-tron;5;525;181;2.410;3.9;630;94.9;200;2.100;529;99.300;https://ev-database.org/img/auto/Audi_S6_Avant_etron_2024/Audi_S6_Avant_etron_2024-01-thumb.jpg;1/9/24;;TRUE
288;Volkswagen ID.3 GTX;5;460;172;1.985;5.9;517;79.0;135;0;385;N/A;https://ev-database.org/img/auto/Volkswagen_ID3_GTX_2024/Volkswagen_ID3_GTX_2024-01-thumb.jpg;1/5/24;;TRUE
289;Skoda Enyaq Coupe 85;5;470;164;2.145;6.7;498;77.0;120;1.000;570;46.200;https://ev-database.org/img/auto/Skoda_Enyaq_Coupe_2025/Skoda_Enyaq_Coupe_2025-01-thumb.jpg;1/1/25;;TRUE
290;Ford Explorer Extended Range RWD;5;435;182;2.180;8.5;485;79.0;135;1.200;536;N/A;https://ev-database.org/img/auto/Ford_Explorer_2024/Ford_Explorer_2024-01-thumb.jpg;1/9/24;;TRUE
291;Kia EV6 GT;5;385;208;2.220;3.5;477;80.0;205;1.800;500;* 65.000;https://ev-database.org/img/auto/Kia_EV6_GT_2025/Kia_EV6_GT_2025-01-thumb.jpg;1/1/25;;TRUE
292;NIO EL8 Long Range;6;440;205;2.633;4.1;524;90.0;190;2.000;265;N/A;https://ev-database.org/img/auto/NIO_EL8/NIO_EL8-01-thumb.jpg;1/6/24;;TRUE
293;Ford Mustang Mach-E ER RWD;5;480;190;2.150;5.6;491;91.0;115;1.500;422;59.830;https://ev-database.org/img/auto/Ford_Mustang_Mach-E/Ford_Mustang_Mach-E-01-thumb.jpg;1/7/24;;TRUE
294;Hyundai IONIQ 9 Long Range RWD;7;495;214;2.600;9.4;559;106.0;195;2.500;708;* 61.000;https://ev-database.org/img/auto/Hyundai_IONIQ9_2024/Hyundai_IONIQ9_2024-01-thumb.jpg;1/1/23;;
295;Tesla Model X 75D;7;335;216;2.427;5.2;336;72.5;80;2.250;unknown;79.400;https://ev-database.org/img/auto/Tesla_Model_X/Tesla_Model_X-01-thumb.jpg;1/10/16;1/9/18;FALSE
296;Mercedes-Benz B 250e;5;150;187;1.725;7.9;106;28.0;0;unknown;501;28.875;https://ev-database.org/img/auto/Mercedes_B_250e/Mercedes_B_250e-01-thumb.jpg;1/1/15;1/10/17;FALSE
297;Peugeot e-208 50h;5;290;160;1.530;9.0;318;46.3;78;0;265;32.650;https://ev-database.org/img/auto/Peugeot_e-208_2024/Peugeot_e-208_2024-01-thumb.jpg;1/8/23;;TRUE
298;Polestar 2 Long Range Single Motor;5;470;168;2.084;6.2;530;79.0;125;1.500;446;48.950;https://ev-database.org/img/auto/Polestar_2_2024/Polestar_2_2024-01-thumb.jpg;1/1/23;1/9/24;FALSE
299;Mercedes-Benz EQS 450 4MATIC;5;660;179;2.630;5.7;704;118.0;160;1.700;620;N/A;https://ev-database.org/img/auto/Mercedes_EQS_2024/Mercedes_EQS_2024-01-thumb.jpg;1/4/24;;TRUE
300;Volvo XC40 Recharge Pure Electric;5;330;203;2.023;7.4;355;67.0;116;1.500;450;45.750;https://ev-database.org/img/auto/Volvo_XC40_Recharge_2023/Volvo_XC40_Recharge_2023-01-thumb.jpg;1/2/22;1/12/22;FALSE
301;Cadillac Lyriq 600 E4;5;460;222;2.774;5.3;492;102.0;165;1.587;793;N/A;https://ev-database.org/img/auto/Cadillac_Lyriq/Cadillac_Lyriq-01-thumb.jpg;1/6/24;;TRUE
302;MG Marvel R;5;365;192;1.885;7.9;344;70.0;82;750;507;N/A;https://ev-database.org/img/auto/MG_Marvel_R_2021/MG_Marvel_R_2021-01-thumb.jpg;1/10/21;;TRUE
303;Mercedes-Benz EQV 300 Long;7;310;290;2.635;12.1;285;90.0;96;0;1.030;87.995;https://ev-database.org/img/auto/Mercedes_EQV/Mercedes_EQV-01-thumb.jpg;1/9/20;1/2/24;FALSE
304;BYD DOLPHIN 44.9h Active;5;265;169;1.650;12.3;251;44.9;50;0;345;26.195;https://ev-database.org/img/auto/BYD_DOLPHIN/BYD_DOLPHIN-01-thumb.jpg;1/7/23;;TRUE
305;Volkswagen ID.3 Pro;5;360;164;1.815;7.6;409;59.0;105;0;385;35.700;https://ev-database.org/img/auto/Volkswagen_ID3_2024/Volkswagen_ID3_2024-01-thumb.jpg;1/5/24;;TRUE
306;Mercedes-Benz EQE 350+;5;530;171;2.360;6.4;579;90.6;141;750;430;N/A;https://ev-database.org/img/auto/Mercedes_EQE/Mercedes_EQE-01-thumb.jpg;1/6/23;1/4/24;FALSE
307;CUPRA Born VZ;5;465;170;1.999;5.6;517;79.0;135;0;385;44.625;https://ev-database.org/img/auto/Cupra_el-Born_Veloz/Cupra_el-Born_Veloz-01-thumb.jpg;1/6/24;;TRUE
308;Volkswagen ID. Buzz LWB GTX;7;355;242;2.700;6.5;391;86.0;145;1.600;1.340;67.795;https://ev-database.org/img/auto/Volkswagen_ID_Buzz_GTX/Volkswagen_ID_Buzz_GTX-01-thumb.jpg;1/8/24;;TRUE
309;Zeekr 7X Premium RWD;5;390;182;2.000;6.0;504;71.0;240;2.000;605;N/A;https://ev-database.org/img/auto/Zeekr_7X_2024/Zeekr_7X_2024-01-thumb.jpg;;;
310;Polestar 2 Standard Range Single Motor;5;415;164;2.020;6.4;464;68.0;110;1.500;448;44.950;https://ev-database.org/img/auto/Polestar_2_2024/Polestar_2_2024-01-thumb.jpg;1/6/24;;TRUE
311;Maserati GranTurismo Folgore;4;420;198;2.335;2.7;518;83.0;190;unknown;270;179.950;https://ev-database.org/img/auto/Maserati_GranTurismo_Folgore/Maserati_GranTurismo_Folgore-01-thumb.jpg;1/1/24;;TRUE
312;Volkswagen ID.3 Pro Performance;5;350;166;1.812;7.3;375;58.0;82;0;385;39.425;https://ev-database.org/img/auto/Volkswagen_ID3/Volkswagen_ID3-01-thumb.jpg;1/7/21;1/3/23;FALSE
313;BMW i3s 120 Ah;4;230;165;1.365;6.9;214;37.9;47;0;260;34.805;https://ev-database.org/img/auto/BMW_i3_2019/BMW_i3_2019-01-thumb.jpg;1/10/18;1/7/22;FALSE
314;Kia EV9 99.8h AWD GT-Line;7;425;226;2.664;5.3;471;96.0;194;2.500;385;73.245;https://ev-database.org/img/auto/Kia_EV9_GTLine_2023/Kia_EV9_GTLine_2023-01-thumb.jpg;1/6/23;;TRUE
315;Peugeot e-208;5;270;171;1.530;8.1;294;46.3;78;0;265;27.225;https://ev-database.org/img/auto/Peugeot_e-208_GT/Peugeot_e-208_GT-01-thumb.jpg;1/2/20;1/12/21;FALSE
316;Peugeot e-308;5;300;169;1.759;9.8;324;50.8;80;0;412;42.025;https://ev-database.org/img/auto/Peugeot_e-308/Peugeot_e-308-01-thumb.jpg;1/4/23;;TRUE
317;Polestar 3 Long Range Dual motor;5;485;221;2.660;5.0;526;107.0;150;2.200;516;75.900;https://ev-database.org/img/auto/Polestar_3/Polestar_3-01-thumb.jpg;1/11/22;;TRUE
318;Tesla Model S P90D;5;415;206;2.262;3.3;408;85.5;90;unknown;895;N/A;https://ev-database.org/img/auto/Tesla_Model_S/Tesla_Model_S-01-thumb.jpg;1/7/15;1/4/16;FALSE
319;Volkswagen ID.4 GTX;5;420;183;2.256;5.4;460;77.0;120;1.200;543;53.865;https://ev-database.org/img/auto/Volkswagen_ID4_GTX_2024/Volkswagen_ID4_GTX_2024-01-thumb.jpg;1/10/23;;TRUE
320;BYD SEAL 61.4h RWD Comfort;5;370;166;1.982;7.5;387;61.4;75;750;453;N/A;https://ev-database.org/img/auto/BYD_SEAL/BYD_SEAL-01-thumb.jpg;1/1/25;;TRUE
321;XPENG P7 Wing Edition;5;455;182;2.255;4.1;514;82.7;138;0;440;N/A;https://ev-database.org/img/auto/XPENG_P7/XPENG_P7-01-thumb.jpg;1/2/23;;TRUE
322;Nissan e-NV200 Evalia;7;170;218;1.667;14.0;157;37.0;40;0;2.000;32.755;https://ev-database.org/img/auto/Nissan_e-NV200_Evalia_2018/Nissan_e-NV200_Evalia_2018-01-thumb.jpg;1/4/18;1/12/21;FALSE
323;Volkswagen ID.3 Pro;5;350;166;1.805;9.6;378;58.0;82;0;385;28.420;https://ev-database.org/img/auto/Volkswagen_ID3/Volkswagen_ID3-01-thumb.jpg;1/11/20;1/8/21;FALSE
324;Audi A6 Sportback e-tron;5;485;156;2.175;6.0;587;75.8;150;2.100;529;N/A;https://ev-database.org/img/auto/Audi_A6_Sportback_etron_2024/Audi_A6_Sportback_etron_2024-01-thumb.jpg;1/10/24;;TRUE
325;Volvo EC40 Single Motor ER;5;420;188;2.095;7.3;459;79.0;125;1.500;435;54.305;https://ev-database.org/img/auto/Volvo_EC40_2025/Volvo_EC40_2025-01-thumb.jpg;1/2/24;;TRUE
326;Alfa Romeo Junior Elettrica 54h;5;320;159;1.620;9.0;341;50.8;85;0;400;33.895;https://ev-database.org/img/auto/Alfa_Romeo_Junior/Alfa_Romeo_Junior-01-thumb.jpg;1/4/24;;TRUE
327;Polestar 2 Long Range Dual Motor;5;450;176;2.183;4.5;507;79.0;125;1.500;446;52.950;https://ev-database.org/img/auto/Polestar_2_2024/Polestar_2_2024-01-thumb.jpg;1/1/23;1/9/24;FALSE
328;CUPRA Born 170 - 59h;5;360;164;1.841;6.7;416;59.0;110;0;385;35.495;https://ev-database.org/img/auto/Cupra_el-Born/Cupra_el-Born-01-thumb.jpg;1/6/24;;TRUE
329;Jaguar I-Pace EV400;5;380;223;2.208;4.8;360;84.7;85;750;505;64.495;https://ev-database.org/img/auto/Jaguar_I-Pace/Jaguar_I-Pace-01-thumb.jpg;1/3/18;1/7/20;FALSE
330;Tesla Model X Long Range;7;440;216;2.505;4.6;463;95.0;110;2.250;unknown;82.980;https://ev-database.org/img/auto/Tesla_Model_X/Tesla_Model_X-01-thumb.jpg;1/6/19;1/10/20;FALSE
331;BMW i3 60 Ah;4;115;163;1.270;7.2;133;18.8;41;unknown;260;27.850;https://ev-database.org/img/auto/BMW_i3/BMW_i3-01-thumb.jpg;1/9/13;1/2/17;FALSE
332;Nissan Leaf 24h;5;135;163;1.505;11.5;144;22.0;36;unknown;370;21.680;https://ev-database.org/img/auto/Nissan_Leaf/Nissan_Leaf-01-thumb.jpg;1/6/13;1/2/18;FALSE
333;Opel Ampera-e;5;335;173;1.691;7.3;286;58.0;39;0;381;N/A;https://ev-database.org/img/auto/Opel_Ampera-e/Opel_Ampera-e-01-thumb.jpg;1/9/17;1/1/21;FALSE
334;Seres 3;5;260;196;1.765;8.9;232;51.0;50;0;318;N/A;https://ev-database.org/img/auto/Seres_3/Seres_3-01-thumb.jpg;1/10/21;1/3/24;FALSE
335;BMW i5 eDrive40 Touring;5;455;178;2.255;6.1;522;81.2;136;1.500;570;69.945;https://ev-database.org/img/auto/BMW_i5_eDrive40_Touring/BMW_i5_eDrive40_Touring-01-thumb.jpg;1/2/24;;TRUE
336;Tesla Model X P100D;7;420;226;2.572;3.1;413;95.0;100;2.250;unknown;134.150;https://ev-database.org/img/auto/Tesla_Model_X/Tesla_Model_X-01-thumb.jpg;1/1/17;1/2/19;FALSE
337;Citroen e-C3 Aircross;5;250;176;1.504;12.9;260;44.0;60;350;460;* 24.500;https://ev-database.org/img/auto/Citroen_e-C3_Aircross/Citroen_e-C3_Aircross-01-thumb.jpg;1/6/24;;TRUE
338;Skoda Enyaq iV 80x;5;425;181;2.193;6.9;467;77.0;115;1.200;585;50.805;https://ev-database.org/img/auto/Skoda_Enyaq_iV_2020/Skoda_Enyaq_iV_2020-01-thumb.jpg;1/6/21;1/10/23;FALSE
339;BMW i4 xDrive40;5;490;166;2.260;5.1;558;81.3;131;1.600;470;* 63.000;https://ev-database.org/img/auto/BMW_i4_2024/BMW_i4_2024-01-thumb.jpg;1/6/24;;TRUE
340;Citroen e-C4 X 54h;5;340;149;1.552;10.1;364;50.8;78;0;510;N/A;https://ev-database.org/img/auto/Citroen_e-C4_X_2024/Citroen_e-C4_X_2024-01-thumb.jpg;1/10/24;;TRUE
341;Volkswagen ID.3 1st;5;350;166;1.794;7.3;375;58.0;82;0;385;35.880;https://ev-database.org/img/auto/Volkswagen_ID3/Volkswagen_ID3-01-thumb.jpg;1/7/20;1/4/21;FALSE
342;MG MG4 Electric XPOWER;5;320;193;1.878;3.8;361;61.7;115;500;363;36.495;https://ev-database.org/img/auto/MG_MG4_Electric_XPOWER_2023/MG_MG4_Electric_XPOWER_2023-01-thumb.jpg;1/8/23;;TRUE
343;Audi A6 Avant e-tron quattro;5;535;177;2.370;4.5;649;94.9;200;2.100;529;N/A;https://ev-database.org/img/auto/Audi_A6_Avant_etron_2024/Audi_A6_Avant_etron_2024-01-thumb.jpg;1/10/24;;TRUE
344;BMW i7 M70 xDrive;5;490;208;2.770;3.7;534;101.7;159;0;500;163.315;https://ev-database.org/img/auto/BMW_i7_M70_2023/BMW_i7_M70_2023-01-thumb.jpg;1/5/23;;TRUE
345;Zeekr X Long Range RWD;5;355;180;1.930;5.6;395;64.0;114;1.600;362;N/A;https://ev-database.org/img/auto/Zeekr_X_2023/Zeekr_X_2023-01-thumb.jpg;1/10/23;;TRUE
346;Renault Megane E-Tech EV60 130hp;5;380;158;1.699;10.5;410;60.0;87;500;440;N/A;https://ev-database.org/img/auto/Renault_Megane_ETech/Renault_Megane_ETech-01-thumb.jpg;1/4/22;;TRUE
347;Volkswagen ID.7 GTX;5;485;177;2.328;5.4;546;86.0;145;1.200;532;61.980;https://ev-database.org/img/auto/Volkswagen_ID7_GTX/Volkswagen_ID7_GTX-01-thumb.jpg;1/6/24;;TRUE
348;XPENG G9 RWD Standard Range;5;395;192;2.310;6.4;473;75.8;170;1.500;731;N/A;https://ev-database.org/img/auto/XPENG_G9/XPENG_G9-01-thumb.jpg;1/2/23;;TRUE
349;Lucid Air Touring;5;580;159;2.150;3.2;669;92.0;160;0;739;N/A;https://ev-database.org/img/auto/Lucid_Air/Lucid_Air-01-thumb.jpg;1/5/23;;TRUE
350;Mercedes-Benz EQE SUV 350 4MATIC;5;425;209;2.580;6.6;453;89.0;120;1.800;520;90.560;https://ev-database.org/img/auto/Mercedes_EQE_SUV/Mercedes_EQE_SUV-01-thumb.jpg;1/12/22;1/1/24;FALSE
351;Toyota PROACE Verso L 75h;9;260;262;2.240;13.3;246;68.0;79;1.000;989;46.477;https://ev-database.org/img/auto/Toyota_PROACE_Verso_2024/Toyota_PROACE_Verso_2024-01-thumb.jpg;1/5/24;;TRUE
352;Renault 4 E-Tech 52kWh 150hp;5;315;165;1.562;8.2;326;52.0;70;750;420;* 28.000;https://ev-database.org/img/auto/Renault_4_ETech/Renault_4_ETech-01-thumb.jpg;1/3/25;;TRUE
353;Jaguar I-Pace EV400;5;380;223;2.208;4.8;360;84.7;85;750;505;66.350;https://ev-database.org/img/auto/Jaguar_I-Pace-2021/Jaguar_I-Pace-2021-01-thumb.jpg;1/7/20;1/1/23;FALSE
354;BMW iX M70 xDrive;5;500;218;2.655;3.8;524;108.9;150;2.500;500;114.205;https://ev-database.org/img/auto/BMW_iX_M70_2025/BMW_iX_M70_2025-01-thumb.jpg;1/1/25;;TRUE
355;Kia EV9 99.8h RWD;7;450;213;2.501;9.4;502;96.0;194;900;423;64.995;https://ev-database.org/img/auto/Kia_EV9_2023/Kia_EV9_2023-01-thumb.jpg;1/6/23;;TRUE
356;Volkswagen ID.4 Pure;5;285;182;1.966;10.9;301;52.0;70;1.000;543;38.845;https://ev-database.org/img/auto/Volkswagen_ID4/Volkswagen_ID4-01-thumb.jpg;1/2/21;1/11/23;FALSE
357;Tesla Model X 90D;7;395;216;2.464;5.0;387;85.5;90;unknown;unknown;N/A;https://ev-database.org/img/auto/Tesla_Model_X/Tesla_Model_X-01-thumb.jpg;1/10/16;1/6/17;FALSE
358;Ford Mustang Mach-E ER AWD;5;440;207;2.257;5.8;447;91.0;115;1.500;422;65.405;https://ev-database.org/img/auto/Ford_Mustang_Mach-E/Ford_Mustang_Mach-E-01-thumb.jpg;1/10/23;1/8/24;FALSE
359;Audi Q4 e-tron 35;5;285;182;1.990;9.0;324;52.0;90;1.000;520;N/A;https://ev-database.org/img/auto/Audi_Q4_e-tron_2021/Audi_Q4_e-tron_2021-01-thumb.jpg;1/7/24;;TRUE
360;Skoda Enyaq Coupe 85x;5;465;166;2.234;6.7;517;77.0;120;1.200;570;50.660;https://ev-database.org/img/auto/Skoda_Enyaq_Coupe_2025/Skoda_Enyaq_Coupe_2025-01-thumb.jpg;1/1/25;;TRUE
361;Kia e-Niro 64h;5;375;171;1.812;7.8;349;64.0;64;0;451;32.995;https://ev-database.org/img/auto/Kia_e-Niro/Kia_e-Niro-01-thumb.jpg;1/12/18;1/7/20;FALSE
362;Ford Explorer Extended Range AWD;5;430;184;2.267;5.3;479;79.0;135;1.200;536;53.975;https://ev-database.org/img/auto/Ford_Explorer_2024/Ford_Explorer_2024-01-thumb.jpg;1/3/24;;TRUE
363;Mini Cooper SE;4;180;161;1.440;7.3;183;28.9;44;0;211;25.100;https://ev-database.org/img/auto/Mini_Electric/Mini_Electric-01-thumb.jpg;1/1/20;1/3/21;FALSE
364;Polestar 3 Long Range Performance;5;470;228;2.660;4.7;506;107.0;150;2.200;516;81.500;https://ev-database.org/img/auto/Polestar_3/Polestar_3-01-thumb.jpg;1/11/22;;TRUE
365;Smart #3 Brabus;5;335;185;1.985;3.7;372;62.0;100;1.600;385;45.450;https://ev-database.org/img/auto/Smart_3_Brabus_2024/Smart_3_Brabus_2024-01-thumb.jpg;1/1/24;;TRUE
366;Mercedes-Benz EQS SUV Maybach 680;4;490;241;3.075;4.4;507;118.0;160;1.800;440;200.860;https://ev-database.org/img/auto/Mercedes_Maybach_EQS_SUV_2024/Mercedes_Maybach_EQS_SUV_2024-01-thumb.jpg;1/1/24;;TRUE
367;Mercedes-Benz EQS SUV 580 4MATIC;7;530;223;2.845;4.7;543;118.0;160;1.800;645;139.470;https://ev-database.org/img/auto/Mercedes_EQS_SUV_2022/Mercedes_EQS_SUV_2022-01-thumb.jpg;1/10/23;;TRUE
368;Audi A6 Avant e-tron;5;475;160;2.185;6.0;570;75.8;150;2.100;529;N/A;https://ev-database.org/img/auto/Audi_A6_Avant_etron_2024/Audi_A6_Avant_etron_2024-01-thumb.jpg;1/10/24;;TRUE
369;Renault Scenic E-Tech EV60 170hp;5;340;176;1.822;8.6;354;60.0;75;1.100;545;37.495;https://ev-database.org/img/auto/Renault_Scenic_ETech/Renault_Scenic_ETech-01-thumb.jpg;1/12/23;;TRUE
370;Audi Q4 e-tron 35;5;285;182;1.965;9.0;301;52.0;70;0;520;44.690;https://ev-database.org/img/auto/Audi_Q4_e-tron_2021/Audi_Q4_e-tron_2021-01-thumb.jpg;1/6/21;1/9/23;FALSE
371;Renault Kangoo E-Tech Electric;5;225;200;1.871;12.6;221;45.0;50;1.500;950;N/A;https://ev-database.org/img/auto/Renault_Kangoo_E-Tech_Electric/Renault_Kangoo_E-Tech_Electric-01-thumb.jpg;1/12/22;;TRUE
372;Audi Q6 e-tron;5;395;192;2.200;7.0;459;75.8;150;2.000;590;59.975;https://ev-database.org/img/auto/Audi_Q6_etron_2024/Audi_Q6_etron_2024-01-thumb.jpg;1/8/24;;TRUE
373;Hyundai IONIQ 5 Long Range AWD;5;365;192;2.095;5.2;452;70.0;185;1.600;555;45.145;https://ev-database.org/img/auto/Hyundai_IONIQ5_2021/Hyundai_IONIQ5_2021-01-thumb.jpg;1/7/21;1/6/22;FALSE
374;Volkswagen ID.4 1st;5;410;188;2.124;8.5;436;77.0;125;1.000;543;40.800;https://ev-database.org/img/auto/Volkswagen_ID4/Volkswagen_ID4-01-thumb.jpg;1/10/20;1/8/21;FALSE
375;Audi e-tron GT S;4;540;180;2.385;3.4;678;97.0;240;0;482;107.730;https://ev-database.org/img/auto/Audi_e-tron_GT_S_2025/Audi_e-tron_GT_S_2025-01-thumb.jpg;1/6/24;;TRUE
376;Polestar 2 Long Range Dual Motor;5;455;174;2.175;4.5;514;79.0;125;1.500;448;52.950;https://ev-database.org/img/auto/Polestar_2_2024/Polestar_2_2024-01-thumb.jpg;1/6/24;;TRUE
377;Volkswagen ID.4 GTX;5;400;193;2.239;6.3;434;77.0;115;1.200;543;52.865;https://ev-database.org/img/auto/Volkswagen_ID4_GTX_2023/Volkswagen_ID4_GTX_2023-01-thumb.jpg;1/7/22;1/11/23;FALSE
378;Tesla Model S 70D;5;350;190;2.156;5.4;369;66.5;95;unknown;895;N/A;https://ev-database.org/img/auto/Tesla_Model_S/Tesla_Model_S-01-thumb.jpg;1/4/15;1/4/16;FALSE
379;Nissan Leaf e+;5;340;174;1.756;6.9;291;59.0;44;0;420;34.945;https://ev-database.org/img/auto/Nissan_Leaf_2022/Nissan_Leaf_2022-01-thumb.jpg;1/3/22;;TRUE
380;Lexus RZ 300e;5;365;175;2.030;8.0;401;64.0;100;750;522;49.995;https://ev-database.org/img/auto/Lexus_RZ_450e/Lexus_RZ_450e-01-thumb.jpg;1/4/23;;TRUE
381;Mercedes-Benz EQB 350 4MATIC;7;345;193;2.165;6.2;357;66.5;100;1.700;495;56.810;https://ev-database.org/img/auto/Mercedes_EQB_2024/Mercedes_EQB_2024-01-thumb.jpg;1/10/23;;TRUE
382;Mini Cooper E;4;250;146;1.615;7.3;267;36.6;60;0;200;30.000;https://ev-database.org/img/auto/Mini_Cooper_Electric_2024/Mini_Cooper_Electric_2024-01-thumb.jpg;1/12/23;;TRUE
383;Mini Aceman SE;5;290;170;1.785;7.1;308;49.2;75;750;300;36.300;https://ev-database.org/img/auto/Mini_Aceman_Electric_2024/Mini_Aceman_Electric_2024-01-thumb.jpg;1/6/24;;TRUE
384;NIO ET7 Long Range;5;505;178;2.454;3.8;509;90.0;100;2.000;363;N/A;https://ev-database.org/img/auto/NIO_ET7/NIO_ET7-01-thumb.jpg;1/10/22;;TRUE
385;Mercedes-Benz EQE 350 4MATIC;5;510;175;2.475;6.3;547;89.0;120;750;430;N/A;https://ev-database.org/img/auto/Mercedes_EQE/Mercedes_EQE-01-thumb.jpg;1/6/23;1/4/24;FALSE
386;Skoda Enyaq 85x;5;440;175;2.222;6.6;485;77.0;120;1.200;585;48.605;https://ev-database.org/img/auto/Skoda_Enyaq_iV_2020/Skoda_Enyaq_iV_2020-01-thumb.jpg;1/9/23;1/1/25;FALSE
387;Smart #3 Premium;5;355;175;1.885;5.8;388;62.0;100;1.600;385;40.450;https://ev-database.org/img/auto/Smart_3_2024/Smart_3_2024-01-thumb.jpg;1/1/24;;TRUE
388;Alpine A290 Electric 220 hp;5;305;170;1.579;6.4;316;52.0;70;500;326;36.000;https://ev-database.org/img/auto/Alpine_A290_2024/Alpine_A290_2024-01-thumb.jpg;1/7/24;;TRUE
389;Opel Mokka Electric;5;285;178;1.615;9.0;301;50.8;85;0;310;33.245;https://ev-database.org/img/auto/Opel_Mokka_Electric_2024/Opel_Mokka_Electric_2024-01-thumb.jpg;1/10/24;;TRUE
390;Opel Corsa-e;5;285;162;1.530;8.1;311;46.3;78;0;309;27.140;https://ev-database.org/img/auto/Opel_Corsa-e/Opel_Corsa-e-01-thumb.jpg;1/3/20;1/12/21;FALSE
391;Citroen e-C4 54h;5;335;152;1.536;10.0;358;50.8;78;0;380;30.150;https://ev-database.org/img/auto/Citroen_e-C4_2024/Citroen_e-C4_2024-01-thumb.jpg;1/10/24;;TRUE
392;Volkswagen e-Golf;5;125;164;1.585;10.4;133;20.5;41;unknown;380;26.345;https://ev-database.org/img/auto/Volkswagen_E-Golf/Volkswagen_E-Golf-01-thumb.jpg;1/5/14;1/6/16;FALSE
393;Volkswagen ID.3 Pure Performance;5;275;164;1.772;8.9;252;45.0;45;0;385;27.120;https://ev-database.org/img/auto/Volkswagen_ID3/Volkswagen_ID3-01-thumb.jpg;1/2/21;1/8/21;FALSE
394;Volkswagen ID.4 Pro 4MOTION;5;435;177;2.237;6.6;477;77.0;120;1.200;543;46.080;https://ev-database.org/img/auto/Volkswagen_ID4_2024/Volkswagen_ID4_2024-01-thumb.jpg;1/10/23;;TRUE
395;Nissan Leaf 30h;5;170;165;1.538;11.5;173;28.0;45;unknown;370;25.825;https://ev-database.org/img/auto/Nissan_Leaf/Nissan_Leaf-01-thumb.jpg;1/9/15;1/2/18;FALSE
396;Peugeot e-408 58h;5;375;155;1.804;7.2;390;58.2;70;unknown;471;N/A;https://ev-database.org/img/auto/Peugeot_e-408_2024/Peugeot_e-408_2024-01-thumb.jpg;1/10/24;;TRUE
397;Volvo C40 Recharge Twin Motor;5;400;198;2.185;4.7;443;79.0;125;1.800;450;53.605;https://ev-database.org/img/auto/Volvo_C40_Recharge/Volvo_C40_Recharge-01-thumb.jpg;1/12/22;1/3/24;FALSE
398;Audi Q4 e-tron 55 quattro;5;395;195;2.235;5.4;437;77.0;120;1.200;520;57.125;https://ev-database.org/img/auto/Audi_Q4_e-tron_2021/Audi_Q4_e-tron_2021-01-thumb.jpg;1/9/23;;TRUE
399;Mazda MX-30;5;170;176;1.720;9.7;159;30.0;34;0;366;29.150;https://ev-database.org/img/auto/Mazda_MX-30/Mazda_MX-30-01-thumb.jpg;1/9/20;1/7/22;FALSE
400;Hyundai Kona Electric 64h;5;390;164;1.760;7.6;363;64.0;64;0;332;32.845;https://ev-database.org/img/auto/Hyundai_Kona_Electric/Hyundai_Kona_Electric-01-thumb.jpg;1/8/18;1/10/19;FALSE
401;Lotus Emeya;5;520;190;2.550;4.2;665;98.9;240;2.250;543;96.255;https://ev-database.org/img/auto/Lotus_Emeya/Lotus_Emeya-01-thumb.jpg;1/3/24;;TRUE
402;Porsche Taycan Turbo GT;5;475;204;2.365;2.3;594;97.0;240;0;410;186.300;https://ev-database.org/img/auto/Porsche_Taycan_Turbo_GT_2024/Porsche_Taycan_Turbo_GT_2024-01-thumb.jpg;1/3/24;;TRUE
403;Mercedes-Benz EQB 250;7;385;173;2.110;8.9;397;66.5;100;0;495;N/A;https://ev-database.org/img/auto/Mercedes_EQB/Mercedes_EQB-01-thumb.jpg;1/3/22;1/10/23;FALSE
404;Citroen e-C4 X;5;285;162;1.659;9.7;318;46.3;78;0;510;31.960;https://ev-database.org/img/auto/Citroen_e-C4_X/Citroen_e-C4_X-01-thumb.jpg;1/11/22;;TRUE
405;Mercedes-Benz EQE SUV 350+;5;475;202;2.490;6.9;503;96.0;141;750;520;75.495;https://ev-database.org/img/auto/Mercedes_EQE_SUV/Mercedes_EQE_SUV-01-thumb.jpg;1/10/23;;TRUE
406;Opel Grandland 82h;5;410;200;2.220;9.0;420;82.2;100;1.200;550;N/A;https://ev-database.org/img/auto/Opel_Grandland_2024/Opel_Grandland_2024-01-thumb.jpg;1/10/24;;TRUE
407;Renault Kangoo Maxi ZE 33;5;160;194;1.630;22.4;115;31.0;0;0;1.300;31.680;https://ev-database.org/img/auto/Renault_Kangoo_Maxi_ZE33/Renault_Kangoo_Maxi_ZE33-01-thumb.jpg;1/7/17;1/1/22;FALSE
408;MG Marvel R Performance;5;350;200;1.995;4.9;335;70.0;82;750;357;N/A;https://ev-database.org/img/auto/MG_Marvel_R_2021/MG_Marvel_R_2021-01-thumb.jpg;1/10/21;;TRUE
409;Nissan Ariya e-4ORCE 87kWh - 225;5;405;215;2.259;5.7;400;87.0;110;1.500;415;50.845;https://ev-database.org/img/auto/Nissan_Ariya/Nissan_Ariya-01-thumb.jpg;1/7/22;;TRUE
410;Mercedes-Benz EQS 450+;5;635;171;2.515;6.1;702;108.4;173;750;620;105.610;https://ev-database.org/img/auto/Mercedes_EQS_2021/Mercedes_EQS_2021-01-thumb.jpg;1/6/23;1/4/24;FALSE
411;Tesla Model X Long Range Plus;7;480;204;2.505;4.6;529;98.0;125;2.250;unknown;87.980;https://ev-database.org/img/auto/Tesla_Model_X/Tesla_Model_X-01-thumb.jpg;1/11/20;1/3/21;FALSE
412;Opel Astra Sports Tourer Electric;5;310;164;1.760;9.3;334;50.8;85;0;516;39.995;https://ev-database.org/img/auto/Opel_Astra_Sports_Tourer_Electric/Opel_Astra_Sports_Tourer_Electric-01-thumb.jpg;1/10/23;;TRUE
413;Mini Aceman E;5;230;167;1.720;7.9;243;38.5;60;750;300;31.800;https://ev-database.org/img/auto/Mini_Aceman_Electric_2024/Mini_Aceman_Electric_2024-01-thumb.jpg;1/6/24;;TRUE
414;Dongfeng Box 31.4h;5;190;153;1.251;12.5;205;29.0;50;unknown;326;N/A;https://ev-database.org/img/auto/Dongfeng_Box/Dongfeng_Box-01-thumb.jpg;;;
415;Porsche Taycan;5;495;166;2.165;4.8;622;82.3;195;0;491;86.500;https://ev-database.org/img/auto/Porsche_Taycan_2024/Porsche_Taycan_2024-01-thumb.jpg;1/2/24;;TRUE
416;Mazda 6e Long Range;5;440;170;2.028;7.8;429;75.0;70;1.500;400;* 42.000;https://ev-database.org/img/auto/Mazda_6e/Mazda_6e-01-thumb.jpg;;;
417;Volvo XC40 Recharge Single Motor ER;5;400;198;2.075;7.3;441;79.0;125;1.500;441;N/A;https://ev-database.org/img/auto/Volvo_XC40_Recharge_2023/Volvo_XC40_Recharge_2023-01-thumb.jpg;1/12/22;1/2/24;FALSE
418;Kia e-Soul 64h;5;370;173;1.757;7.9;343;64.0;64;0;315;34.995;https://ev-database.org/img/auto/Kia_e-Soul/Kia_e-Soul-01-thumb.jpg;1/7/20;1/9/22;FALSE
419;Mercedes-Benz EQE 350;5;515;173;2.405;6.4;556;89.0;120;750;430;77.345;https://ev-database.org/img/auto/Mercedes_EQE/Mercedes_EQE-01-thumb.jpg;1/6/23;1/5/24;FALSE
420;Renault Zoe Q210;5;130;179;1.503;13.5;148;23.3;33;unknown;338;14.495;https://ev-database.org/img/auto/Renault_Zoe/Renault_Zoe-01-thumb.jpg;1/3/13;1/1/17;FALSE
421;Mercedes-Benz EQE 500 4MATIC;5;505;179;2.485;4.7;555;90.6;141;750;430;N/A;https://ev-database.org/img/auto/Mercedes_EQE/Mercedes_EQE-01-thumb.jpg;1/6/23;1/4/24;FALSE
422;Mercedes-Benz EQE 300;5;525;170;2.405;7.3;566;89.0;120;750;430;N/A;https://ev-database.org/img/auto/Mercedes_EQE/Mercedes_EQE-01-thumb.jpg;1/4/24;;TRUE
423;Volkswagen ID.4 Pro;5;410;188;2.123;10.4;436;77.0;125;1.000;543;44.605;https://ev-database.org/img/auto/Volkswagen_ID4/Volkswagen_ID4-01-thumb.jpg;1/2/22;1/11/23;FALSE
424;Smart EQ forfour;4;95;176;1.200;12.7;66;16.7;0;0;185;22.295;https://ev-database.org/img/auto/Smart_forfour_2020/Smart_forfour_2020-01-thumb.jpg;1/1/20;1/5/22;FALSE
425;Porsche Taycan 4 Cross Turismo;5;420;199;2.320;5.1;531;83.7;216;0;530;84.500;https://ev-database.org/img/auto/Porsche_Taycan_4S_Cross_Turismo/Porsche_Taycan_4S_Cross_Turismo-01-thumb.jpg;1/7/21;1/1/23;FALSE
426;Fiat 500e Hatchback 24h;4;135;158;1.255;9.0;153;21.3;40;0;185;24.995;https://ev-database.org/img/auto/Fiat_500e_Hatchback_2020/Fiat_500e_Hatchback_2020-01-thumb.jpg;1/11/20;;TRUE
427;Audi e-tron Sportback 55 quattro;5;380;228;2.565;5.7;399;86.5;146;1.800;615;74.635;https://ev-database.org/img/auto/Audi_e-tron_Sportback_2020/Audi_e-tron_Sportback_2020-01-thumb.jpg;1/11/20;1/11/22;FALSE
428;Renault Zoe ZE40 R110;5;255;161;1.502;11.4;232;41.0;40;0;338;N/A;https://ev-database.org/img/auto/Renault_Zoe_2020/Renault_Zoe_2020-01-thumb.jpg;1/11/19;1/2/22;FALSE
429;Mercedes-Benz EQA 250;5;395;168;2.040;8.6;405;66.5;100;750;340;N/A;https://ev-database.org/img/auto/Mercedes_EQA/Mercedes_EQA-01-thumb.jpg;1/6/22;1/10/23;FALSE
430;Polestar 2 Long Range Performance;5;450;176;2.180;4.2;507;79.0;125;1.500;446;57.950;https://ev-database.org/img/auto/Polestar_2_2024/Polestar_2_2024-01-thumb.jpg;1/1/23;1/9/24;FALSE
431;Tesla Model X Performance;7;470;209;2.552;2.9;516;98.0;125;2.250;unknown;102.980;https://ev-database.org/img/auto/Tesla_Model_X/Tesla_Model_X-01-thumb.jpg;1/11/20;1/3/21;FALSE
432;Audi SQ6 e-tron;5;470;202;2.425;4.3;559;94.9;200;2.400;578;92.950;https://ev-database.org/img/auto/Audi_SQ6_etron_2024/Audi_SQ6_etron_2024-01-thumb.jpg;1/4/24;;TRUE
433;Audi e-tron 50 quattro;5;280;231;2.445;6.8;299;64.7;114;1.800;660;62.035;https://ev-database.org/img/auto/Audi_e-tron-50-quattro/Audi_e-tron-50-quattro-01-thumb.jpg;1/10/21;1/9/22;FALSE
434;Audi Q8 e-tron 50 quattro;5;425;209;2.585;6.0;443;89.0;146;1.800;631;70.715;https://ev-database.org/img/auto/Audi_Q8-etron-2023/Audi_Q8-etron-2023-01-thumb.jpg;1/12/22;1/11/24;FALSE
435;Volkswagen ID.3 Pro S;4;450;171;1.934;7.9;488;77.0;115;0;385;38.800;https://ev-database.org/img/auto/Volkswagen_ID3/Volkswagen_ID3-01-thumb.jpg;1/11/20;1/8/21;FALSE
436;Renault Megane E-Tech EV40 130hp;5;260;154;1.588;10.0;277;40.0;55;500;440;N/A;https://ev-database.org/img/auto/Renault_Megane_ETech/Renault_Megane_ETech-01-thumb.jpg;1/4/22;;TRUE
437;Mercedes-Benz EQB 350 4MATIC;7;340;196;2.175;6.2;350;66.5;100;0;495;56.810;https://ev-database.org/img/auto/Mercedes_EQB/Mercedes_EQB-01-thumb.jpg;1/2/22;1/11/23;FALSE
438;Mini Countryman SE ALL4;5;365;177;2.075;5.6;389;64.6;93;1.200;460;47.180;https://ev-database.org/img/auto/Mini_Countryman_2024/Mini_Countryman_2024-01-thumb.jpg;1/2/24;;TRUE
439;Lotus Eletre R;5;455;240;2.725;2.9;559;109.0;259;2.250;657;121.305;https://ev-database.org/img/auto/Lotus_Eletre/Lotus_Eletre-01-thumb.jpg;1/3/23;;TRUE
440;Opel Corsa Electric 50h;5;295;157;1.530;8.7;321;46.3;78;0;267;32.445;https://ev-database.org/img/auto/Opel_Corsa_Electric_2023/Opel_Corsa_Electric_2023-01-thumb.jpg;1/7/23;;TRUE
441;Mercedes-Benz EQE SUV 500 4MATIC;5;435;208;2.560;4.9;468;90.6;141;1.800;520;108.760;https://ev-database.org/img/auto/Mercedes_EQE_SUV/Mercedes_EQE_SUV-01-thumb.jpg;1/12/22;1/1/24;FALSE
442;Volkswagen ID.3 GTX Performance;5;460;172;2.000;5.6;517;79.0;135;0;385;46.225;https://ev-database.org/img/auto/Volkswagen_ID3_GTX_Performance_2024/Volkswagen_ID3_GTX_Performance_2024-01-thumb.jpg;1/8/24;;TRUE
443;Audi Q4 Sportback e-tron 45;5;435;177;2.145;6.7;485;77.0;120;1.000;535;52.245;https://ev-database.org/img/auto/Audi_Q4_e-tron_Sportback_2021/Audi_Q4_e-tron_Sportback_2021-01-thumb.jpg;1/9/23;;TRUE
444;Nissan Leaf;5;125;176;1.600;11.9;138;22.0;36;unknown;330;21.490;https://ev-database.org/img/auto/Nissan_Leaf/Nissan_Leaf-01-thumb.jpg;1/3/11;1/7/13;FALSE
445;Polestar 2 Standard Range Single Motor;5;345;177;2.015;7.4;389;61.0;116;1.500;440;39.900;https://ev-database.org/img/auto/Polestar_2_2022/Polestar_2_2022-01-thumb.jpg;1/9/21;1/3/22;FALSE
446;Porsche Taycan Turbo S;5;400;209;2.370;2.8;504;83.7;216;0;450;142.400;https://ev-database.org/img/auto/Porsche_Taycan_Turbo_S/Porsche_Taycan_Turbo_S-01-thumb.jpg;1/1/20;1/1/23;FALSE
447;MG MG5 Electric Standard Range;5;265;174;1.637;7.7;276;46.0;60;500;479;N/A;https://ev-database.org/img/auto/MG_MG5_Electric_2021/MG_MG5_Electric_2021-01-thumb.jpg;1/6/22;;TRUE
448;Fisker Ocean One;5;530;201;2.434;3.9;567;106.5;135;1.820;476;60.880;https://ev-database.org/img/auto/Fisker_Ocean/Fisker_Ocean-01-thumb.jpg;1/3/23;1/12/23;FALSE
449;Mercedes-Benz EQE 300;5;515;173;2.385;7.3;556;89.0;120;750;430;74.345;https://ev-database.org/img/auto/Mercedes_EQE/Mercedes_EQE-01-thumb.jpg;1/7/22;1/9/23;FALSE
450;Audi e-tron 55 quattro;5;365;237;2.565;5.7;384;86.5;146;1.800;660;68.060;https://ev-database.org/img/auto/Audi_e-tron/Audi_e-tron-01-thumb.jpg;1/3/19;1/11/19;FALSE
451;BMW i5 eDrive40 Sedan;5;480;169;2.195;6.0;547;81.2;136;1.500;490;N/A;https://ev-database.org/img/auto/BMW_i5_eDrive40_Sedan/BMW_i5_eDrive40_Sedan-01-thumb.jpg;1/2/25;;TRUE
452;BMW i7 eDrive50;5;520;196;2.595;5.5;572;101.7;159;0;500;100.205;https://ev-database.org/img/auto/BMW_i7_2022/BMW_i7_2022-01-thumb.jpg;1/5/23;;TRUE
453;Lexus UX 300e;5;235;191;1.860;7.5;199;45.0;32;0;316;34.770;https://ev-database.org/img/auto/Lexus_UX_300e_Electric_2020/Lexus_UX_300e_Electric_2020-01-thumb.jpg;1/11/20;1/7/23;FALSE
454;Ford Focus Electric;5;105;186;1.700;11.4;75;19.6;0;unknown;237;28.500;https://ev-database.org/img/auto/Ford_Focus_Electric/Ford_Focus_Electric-01-thumb.jpg;1/7/13;1/10/15;FALSE
455;Lightyear 0;5;550;109;1.575;10.0;535;60.0;60;0;640;265.000;https://ev-database.org/img/auto/Lightyear_0/Lightyear_0-01-thumb.jpg;1/11/22;1/1/23;FALSE
456;Skoda Enyaq 60;5;335;173;1.992;8.7;361;58.0;82;1.000;585;38.970;https://ev-database.org/img/auto/Skoda_Enyaq_iV_2020/Skoda_Enyaq_iV_2020-01-thumb.jpg;1/9/23;1/6/24;FALSE
457;Ford Capri Standard Range RWD;5;310;168;1.914;9.0;348;52.0;85;1.000;572;42.075;https://ev-database.org/img/auto/Ford_Capri_2024/Ford_Capri_2024-01-thumb.jpg;1/7/24;;TRUE
458;Porsche Macan Turbo Electric;5;470;202;2.480;3.3;563;95.0;200;2.000;564;95.000;https://ev-database.org/img/auto/Porsche_Macan_Turbo_2024/Porsche_Macan_Turbo_2024-01-thumb.jpg;1/1/24;;TRUE
459;Mercedes-Benz EQS 580 4MATIC;5;640;184;2.635;4.4;688;118.0;160;1.700;620;N/A;https://ev-database.org/img/auto/Mercedes_EQS_2024/Mercedes_EQS_2024-01-thumb.jpg;1/4/24;;TRUE
460;Skoda Enyaq 60;5;355;166;2.002;8.1;409;59.0;105;1.000;585;39.000;https://ev-database.org/img/auto/Skoda_Enyaq_2025/Skoda_Enyaq_2025-01-thumb.jpg;1/1/25;;TRUE
461;Renault Zoe R110;5;250;164;1.575;11.4;182;41.0;0;0;338;24.320;https://ev-database.org/img/auto/Renault_Zoe_2019/Renault_Zoe_2019-01-thumb.jpg;1/3/18;1/12/19;FALSE
462;Maserati Grecale Folgore;5;400;238;2.555;4.1;402;95.0;110;1.800;535;109.905;https://ev-database.org/img/auto/Maserati_Grecale_Folgore/Maserati_Grecale_Folgore-01-thumb.jpg;1/1/24;;TRUE
463;Audi Q8 e-tron Sportback 55 quattro;5;525;202;2.585;5.6;543;106.0;144;1.800;590;83.215;https://ev-database.org/img/auto/Audi_Q8-etron-sportback-2023/Audi_Q8-etron-sportback-2023-01-thumb.jpg;1/12/22;1/11/24;FALSE
464;Volvo EC40 Single Motor;5;360;186;2.057;7.3;399;67.0;110;1.500;435;52.555;https://ev-database.org/img/auto/Volvo_EC40_2025/Volvo_EC40_2025-01-thumb.jpg;1/2/24;;TRUE
465;Audi e-tron GT RS performance;4;525;185;2.395;2.5;664;97.0;240;0;427;142.830;https://ev-database.org/img/auto/Audi_e-tron_GT_RS_Performance_2025/Audi_e-tron_GT_RS_Performance_2025-01-thumb.jpg;1/6/24;;TRUE
466;Kia EV6 Standard Range 2WD;5;305;177;1.875;8.5;377;54.0;140;750;563;N/A;https://ev-database.org/img/auto/Kia_EV6_2021/Kia_EV6_2021-01-thumb.jpg;1/10/21;1/11/24;FALSE
467;Mercedes-Benz EQE SUV 350 4MATIC;5;435;208;2.560;6.6;468;90.6;141;1.800;520;79.940;https://ev-database.org/img/auto/Mercedes_EQE_SUV/Mercedes_EQE_SUV-01-thumb.jpg;1/10/23;;TRUE
468;Hongqi E-HS9 84h;5;320;239;2.580;6.5;334;76.5;112;1.500;438;N/A;https://ev-database.org/img/auto/Hongqi_E-HS9/Hongqi_E-HS9-01-thumb.jpg;1/12/22;;TRUE
469;NIO EL6 Long Range;5;435;207;2.398;4.5;471;90.0;135;1.200;579;N/A;https://ev-database.org/img/auto/NIO_EL6/NIO_EL6-01-thumb.jpg;1/7/23;;TRUE
470;GWM ORA 03 48h;5;260;175;1.615;8.3;247;45.4;45;0;228;31.995;https://ev-database.org/img/auto/ORA_Funky_Cat_2022/ORA_Funky_Cat_2022-01-thumb.jpg;1/1/24;;TRUE
471;Dacia Spring Electric;4;160;156;1.020;19.1;151;25.0;29;0;300;N/A;https://ev-database.org/img/auto/Dacia_Spring_Electric/Dacia_Spring_Electric-01-thumb.jpg;1/6/21;1/11/21;FALSE
472;NIO EL7 Long Range;5;430;209;2.441;3.9;421;90.0;100;2.000;570;N/A;https://ev-database.org/img/auto/NIO_EL7/NIO_EL7-01-thumb.jpg;1/12/22;;TRUE
473;Volvo EX40 Twin Motor;5;385;205;2.170;4.8;419;79.0;125;1.800;441;57.805;https://ev-database.org/img/auto/Volvo_EX40_2025/Volvo_EX40_2025-01-thumb.jpg;1/2/24;;TRUE
474;Hyundai IONIQ 9 Performance AWD;7;470;226;2.750;5.2;535;106.0;195;2.500;672;* 70.000;https://ev-database.org/img/auto/Hyundai_IONIQ9_2024/Hyundai_IONIQ9_2024-01-thumb.jpg;1/1/22;;
475;Citroen C-Zero;4;85;171;1.140;15.9;101;14.5;30;0;166;17.520;https://ev-database.org/img/auto/Citroen_C-Zero/Citroen_C-Zero-01-thumb.jpg;1/4/16;1/4/20;FALSE
476;Volkswagen ID.5 GTX;5;430;179;2.242;5.5;477;77.0;120;1.200;549;55.365;https://ev-database.org/img/auto/Volkswagen_ID5_GTX_2024/Volkswagen_ID5_GTX_2024-01-thumb.jpg;1/10/23;;TRUE
477;Kia e-Soul 64h;5;370;173;1.757;7.9;343;64.0;64;0;315;39.075;https://ev-database.org/img/auto/Kia_e-Soul_2023/Kia_e-Soul_2023-01-thumb.jpg;1/9/22;;TRUE
478;Mercedes-Benz EQB 300 4MATIC;7;340;196;2.175;8.0;350;66.5;100;0;495;55.310;https://ev-database.org/img/auto/Mercedes_EQB/Mercedes_EQB-01-thumb.jpg;1/2/22;1/11/23;FALSE
479;Peugeot e-2008 50h;5;270;171;1.623;9.9;294;46.3;78;0;434;32.300;https://ev-database.org/img/auto/Peugeot_e-2008_2024/Peugeot_e-2008_2024-01-thumb.jpg;1/8/23;;TRUE
480;Mercedes-Benz EQS AMG 53 4MATIC+;5;585;202;2.700;3.4;619;118.0;160;1.700;620;161.860;https://ev-database.org/img/auto/Mercedes_EQS_2024/Mercedes_EQS_2024-01-thumb.jpg;1/4/24;;TRUE
481;BMW i3 94 Ah;4;165;165;1.320;7.3;170;27.2;46;0;260;29.570;https://ev-database.org/img/auto/BMW_i3_2018/BMW_i3_2018-01-thumb.jpg;1/10/17;1/10/18;FALSE
482;Alfa Romeo Junior Elettrica 54h Veloce;5;310;164;1.635;6.0;327;50.8;85;0;400;42.295;https://ev-database.org/img/auto/Alfa_Romeo_Junior/Alfa_Romeo_Junior-01-thumb.jpg;1/6/24;;TRUE
483;Jaguar I-Pace EV400;5;380;223;2.226;4.8;354;84.7;85;750;532;69.995;https://ev-database.org/img/auto/Jaguar_I-Pace-2024/Jaguar_I-Pace-2024-01-thumb.jpg;1/1/23;;TRUE
484;Audi e-tron Sportback 50 quattro;5;295;219;2.445;6.8;315;64.7;114;1.800;615;69.100;https://ev-database.org/img/auto/Audi_e-tron_Sportback_2020/Audi_e-tron_Sportback_2020-01-thumb.jpg;1/6/20;1/1/22;FALSE
485;Lucid Air Pure RWD;5;565;163;2.300;4.7;650;92.0;160;0;739;N/A;https://ev-database.org/img/auto/Lucid_Air/Lucid_Air-01-thumb.jpg;1/2/24;;TRUE
486;Porsche Macan 4S Electric;5;485;196;2.420;4.1;580;95.0;200;2.000;624;75.400;https://ev-database.org/img/auto/Porsche_Macan_4S_2024/Porsche_Macan_4S_2024-01-thumb.jpg;1/7/24;;TRUE
487;Porsche Taycan Turbo;5;415;202;2.380;3.2;528;83.7;216;0;450;119.900;https://ev-database.org/img/auto/Porsche_Taycan_Turbo/Porsche_Taycan_Turbo-01-thumb.jpg;1/1/20;1/1/23;FALSE
488;Volkswagen ID.3 Pure Performance;5;275;164;1.781;8.9;300;45.0;72;0;385;28.135;https://ev-database.org/img/auto/Volkswagen_ID3/Volkswagen_ID3-01-thumb.jpg;1/7/21;1/12/22;FALSE
489;Volvo XC40 Recharge Twin Motor;5;385;205;2.170;4.8;419;79.0;125;1.800;441;51.755;https://ev-database.org/img/auto/Volvo_XC40_Recharge_2023/Volvo_XC40_Recharge_2023-01-thumb.jpg;1/12/22;1/3/24;FALSE
490;Audi Q6 e-tron Sportback performance;5;510;186;2.250;6.6;597;94.9;190;2.000;575;65.975;https://ev-database.org/img/auto/Audi_Q6_etron_Sportback_2024/Audi_Q6_etron_Sportback_2024-01-thumb.jpg;1/11/24;;TRUE
491;Audi S6 Sportback e-tron;5;550;173;2.400;3.9;666;94.9;200;2.100;529;97.500;https://ev-database.org/img/auto/Audi_S6_Sportback_etron_2024/Audi_S6_Sportback_etron_2024-01-thumb.jpg;1/9/24;;TRUE
492;Volvo XC40 P8 AWD Recharge;5;335;224;2.188;4.9;348;75.0;108;1.500;450;49.950;https://ev-database.org/img/auto/Volvo_XC40_Recharge/Volvo_XC40_Recharge-01-thumb.jpg;1/2/20;1/2/21;FALSE
493;Genesis GV60 Premium;5;390;190;1.975;7.8;487;74.0;200;1.600;432;53.905;https://ev-database.org/img/auto/Genesis_GV60/Genesis_GV60-01-thumb.jpg;1/6/22;;TRUE
494;Mercedes-Benz EQV 300 Long;7;315;286;2.741;12.1;291;90.0;96;0;1.030;92.255;https://ev-database.org/img/auto/Mercedes_EQV_2024/Mercedes_EQV_2024-01-thumb.jpg;1/2/24;;TRUE
495;Porsche Taycan 4S Plus;5;460;182;2.295;4.0;587;83.7;216;0;491;90.406;https://ev-database.org/img/auto/Porsche_Taycan_4S/Porsche_Taycan_4S-01-thumb.jpg;1/4/20;1/1/23;FALSE
496;Citroen e-C4;5;290;160;1.536;10.8;317;46.3;78;0;380;26.890;https://ev-database.org/img/auto/Citroen_e-C4_2024/Citroen_e-C4_2024-01-thumb.jpg;1/10/24;;TRUE
497;Volkswagen ID.4 Pure Performance;5;285;182;1.965;9.0;301;52.0;70;1.000;543;40.275;https://ev-database.org/img/auto/Volkswagen_ID4/Volkswagen_ID4-01-thumb.jpg;1/1/21;1/11/23;FALSE
498;Ford Explorer Standard Range RWD;5;300;173;2.008;8.7;333;52.0;85;1.000;536;39.875;https://ev-database.org/img/auto/Ford_Explorer_2024/Ford_Explorer_2024-01-thumb.jpg;1/7/24;;TRUE
499;BMW i5 eDrive40 Touring;5;465;175;2.255;6.1;529;81.2;136;1.500;570;N/A;https://ev-database.org/img/auto/BMW_i5_eDrive40_Touring/BMW_i5_eDrive40_Touring-01-thumb.jpg;1/2/25;;TRUE
500;Tesla Model X Ludicrous Performance;7;420;226;2.572;3.0;413;95.0;100;2.250;unknown;101.350;https://ev-database.org/img/auto/Tesla_Model_X/Tesla_Model_X-01-thumb.jpg;1/3/19;1/5/19;FALSE